Run, Hit, HitSpeed, StopPos 
00007, 00288, 00313, 00406
00008, 00288, 00340, 00410
00009, 00288, 00323, 00410
00010, 00288, 00338, 00413
00011, 00288, 00340, 00404
00012, 00288, 00336, 00410
00013, 00288, 00363, 00409
00014, 00288, 00311, 00404
00015, 00288, 00361, 00411
00016, 00288, 00318, 00412
00017, 00288, 00331, 00414
00018, 00288, 00309, 00410
00019, 00288, 00351, 00415
00020, 00288, 00352, 00408
00021, 00288, 00333, 00407
00022, 00288, 00348, 00410
00023, 00288, 00313, 00413
00024, 00288, 00330, 00414
00025, 00288, 00316, 00403
00026, 00288, 00313, 00405
00027, 00288, 00338, 00407
00028, 00288, 00331, 00407
00029, 00288, 00306, 00411
00030, 00288, 00311, 00416
00031, 00288, 00303, 00416
00032, 00288, 00331, 00408
00033, 00288, 00321, 00407
00034, 00288, 00316, 00407
00035, 00288, 00306, 00410
00036, 00288, 00316, 00411
00037, 00288, 00341, 00415
00038, 00288, 00299, 00415
00039, 00288, 00320, 00406
00040, 00288, 00303, 00408
00041, 00288, 00360, 00410
00042, 00288, 00330, 00410
00043, 00288, 00318, 00406
00044, 00288, 00366, 00412
00045, 00288, 00345, 00417
00046, 00288, 00360, 00410
00047, 00288, 00350, 00409
00048, 00288, 00333, 00409
00049, 00288, 00323, 00413
00050, 00288, 00320, 00410
00051, 00288, 00325, 00414
00052, 00288, 00351, 00414
00053, 00288, 00325, 00404
00054, 00288, 00338, 00404
00055, 00288, 00366, 00405
00056, 00288, 00316, 00412
00057, 00288, 00366, 00409
00058, 00288, 00349, 00410
00059, 00288, 00331, 00416
00060, 00288, 00318, 00411
00061, 00288, 00360, 00412
00062, 00288, 00341, 00403
00063, 00288, 00358, 00414
00064, 00288, 00327, 00410
00065, 00288, 00333, 00408
00066, 00288, 00331, 00415
00067, 00288, 00340, 00408
00068, 00288, 00310, 00411
00069, 00288, 00330, 00410
00070, 00288, 00331, 00416
00071, 00288, 00325, 00403
00072, 00288, 00323, 00404
00073, 00288, 00320, 00412
00074, 00288, 00356, 00412
00075, 00288, 00325, 00415
00076, 00288, 00323, 00406
00077, 00288, 00328, 00412
00078, 00288, 00355, 00412
00079, 00288, 00336, 00410
00080, 00288, 00356, 00414
00081, 00288, 00317, 00414
00082, 00288, 00326, 00410
00083, 00288, 00343, 00402
00084, 00288, 00360, 00406
00085, 00288, 00326, 00404
00086, 00288, 00334, 00406
00087, 00288, 00358, 00412
00088, 00288, 00358, 00417
00089, 00288, 00300, 00417
00090, 00288, 00366, 00403
00091, 00288, 00331, 00405
00092, 00288, 00314, 00412
00093, 00288, 00327, 00413
00094, 00288, 00370, 00412
00095, 00288, 00306, 00414
00096, 00288, 00310, 00411
00097, 00288, 00331, 00405
00098, 00288, 00336, 00408
00099, 00288, 00346, 00411
00100, 00288, 00306, 00411
00101, 00288, 00318, 00411
00102, 00288, 00306, 00409
00103, 00288, 00330, 00412
00104, 00288, 00334, 00406
00105, 00288, 00313, 00410
00106, 00288, 00330, 00414
00107, 00288, 00325, 00417
00108, 00288, 00325, 00404
00109, 00288, 00315, 00410
00110, 00288, 00303, 00417
00111, 00288, 00318, 00408
00112, 00288, 00341, 00406
00113, 00288, 00344, 00404
00114, 00288, 00326, 00409
00115, 00288, 00313, 00405
00116, 00288, 00335, 00410
00117, 00288, 00307, 00416
00118, 00288, 00308, 00412
00119, 00288, 00353, 00410
00120, 00288, 00338, 00408
00121, 00288, 00300, 00414
00122, 00288, 00368, 00406
00123, 00288, 00308, 00413
00124, 00288, 00333, 00416
00125, 00288, 00329, 00412
00126, 00288, 00363, 00409
00127, 00288, 00311, 00402
00128, 00288, 00321, 00412
00129, 00288, 00370, 00411
00130, 00288, 00355, 00412
00131, 00288, 00339, 00413
00132, 00288, 00323, 00411
00133, 00288, 00328, 00411
00134, 00288, 00356, 00405
00135, 00288, 00325, 00413
00136, 00288, 00367, 00410
00137, 00288, 00353, 00413
00138, 00288, 00316, 00414
00139, 00288, 00318, 00416
00140, 00288, 00331, 00409
00141, 00288, 00323, 00399
00142, 00288, 00318, 00407
00143, 00288, 00358, 00410
00144, 00288, 00335, 00409
00145, 00288, 00335, 00409
00146, 00288, 00316, 00413
00147, 00288, 00326, 00411
00148, 00288, 00328, 00406
00149, 00288, 00373, 00408
00150, 00288, 00316, 00409
00151, 00288, 00329, 00412
00152, 00288, 00330, 00413
00153, 00288, 00328, 00414
00154, 00288, 00305, 00412
00155, 00288, 00344, 00406
00156, 00288, 00358, 00407
00157, 00288, 00322, 00413
00158, 00288, 00361, 00414
00159, 00288, 00352, 00408
00160, 00288, 00358, 00411
00161, 00288, 00305, 00411
00162, 00288, 00368, 00409
00163, 00288, 00333, 00412
00164, 00288, 00335, 00410
00165, 00288, 00320, 00412
00166, 00288, 00339, 00413
00167, 00288, 00351, 00416
00168, 00288, 00353, 00416
00169, 00288, 00330, 00410
00170, 00288, 00371, 00403
00171, 00288, 00360, 00403
00172, 00288, 00318, 00409
00173, 00288, 00327, 00402
00174, 00288, 00358, 00410
00175, 00288, 00313, 00416
00176, 00288, 00326, 00410
00177, 00288, 00331, 00407
00178, 00288, 00366, 00402
00179, 00288, 00363, 00414
00180, 00288, 00310, 00412
00181, 00288, 00323, 00416
00182, 00288, 00310, 00416
00183, 00288, 00359, 00407
00184, 00288, 00332, 00406
00185, 00288, 00321, 00403
00186, 00288, 00363, 00416
00187, 00288, 00305, 00409
00188, 00288, 00303, 00415
00189, 00288, 00314, 00411
00190, 00288, 00363, 00410
00191, 00288, 00375, 00408
00192, 00288, 00313, 00405
00193, 00288, 00352, 00416
00194, 00288, 00365, 00411
00195, 00288, 00295, 00415
00196, 00288, 00323, 00413
00197, 00288, 00303, 00416
00198, 00288, 00363, 00412
00199, 00288, 00336, 00404
00200, 00288, 00367, 00410
00201, 00288, 00316, 00403
00202, 00288, 00313, 00407
00203, 00288, 00338, 00411
00204, 00288, 00323, 00415
00205, 00288, 00315, 00407
00206, 00288, 00333, 00404
00207, 00288, 00333, 00409
00208, 00288, 00359, 00408
00209, 00288, 00330, 00411
00210, 00288, 00341, 00409
00211, 00288, 00318, 00417
00212, 00288, 00326, 00413
00213, 00288, 00308, 00404
00214, 00288, 00337, 00407
00215, 00288, 00331, 00407
00216, 00288, 00333, 00411
00217, 00288, 00326, 00417
00218, 00288, 00313, 00418
00219, 00288, 00353, 00409
00220, 00288, 00325, 00403
00221, 00288, 00326, 00404
00222, 00288, 00308, 00412
00223, 00288, 00316, 00414
00224, 00288, 00328, 00411
00225, 00288, 00312, 00421
00226, 00288, 00325, 00412
00227, 00288, 00338, 00409
00228, 00288, 00338, 00406
00229, 00288, 00373, 00408
00230, 00288, 00310, 00409
00231, 00288, 00363, 00407
00232, 00288, 00350, 00413
00233, 00288, 00328, 00407
00234, 00288, 00335, 00406
00235, 00288, 00351, 00405
00236, 00288, 00318, 00408
00237, 00288, 00320, 00414
00238, 00288, 00366, 00405
00239, 00288, 00301, 00412
00240, 00288, 00328, 00414
00241, 00288, 00305, 00412
00242, 00288, 00320, 00405
00243, 00288, 00313, 00406
00244, 00288, 00335, 00411
00245, 00288, 00328, 00408
00246, 00288, 00312, 00416
00247, 00288, 00334, 00413
00248, 00288, 00313, 00411
00249, 00288, 00310, 00407
00250, 00288, 00343, 00404
00251, 00288, 00325, 00412
00252, 00288, 00331, 00407
00253, 00288, 00338, 00416
00254, 00288, 00340, 00420
00255, 00288, 00306, 00418
00256, 00288, 00336, 00404
00257, 00288, 00335, 00405
00258, 00288, 00308, 00409
00259, 00288, 00350, 00408
00260, 00288, 00360, 00414
00261, 00288, 00317, 00410
00262, 00288, 00320, 00412
00263, 00288, 00341, 00405
00264, 00288, 00367, 00404
00265, 00288, 00320, 00409
00266, 00288, 00317, 00410
00267, 00288, 00308, 00411
00268, 00288, 00314, 00412
00269, 00288, 00349, 00415
00270, 00288, 00343, 00404
00271, 00288, 00365, 00404
00272, 00288, 00340, 00408
00273, 00288, 00314, 00412
00274, 00288, 00323, 00411
00275, 00288, 00335, 00408
00276, 00288, 00293, 00417
00277, 00288, 00335, 00410
00278, 00288, 00362, 00408
00279, 00288, 00344, 00406
00280, 00288, 00354, 00410
00281, 00288, 00332, 00408
00282, 00288, 00323, 00411
00283, 00288, 00326, 00420
00284, 00288, 00323, 00414
00285, 00288, 00364, 00411
00286, 00288, 00331, 00406
00287, 00288, 00328, 00409
00288, 00288, 00335, 00408
00289, 00288, 00325, 00407
00290, 00288, 00323, 00418
00291, 00288, 00355, 00413
00292, 00288, 00330, 00410
00293, 00288, 00373, 00399
00294, 00288, 00340, 00408
00295, 00288, 00335, 00409
00296, 00288, 00343, 00409
00297, 00288, 00305, 00419
00298, 00288, 00331, 00409
00299, 00288, 00328, 00407
00300, 00288, 00325, 00403
00301, 00288, 00316, 00408
00302, 00288, 00361, 00410
00303, 00288, 00375, 00407
00304, 00288, 00345, 00416
00305, 00288, 00326, 00415
00306, 00288, 00297, 00412
00307, 00288, 00345, 00399
00308, 00288, 00318, 00404
00309, 00288, 00338, 00412
00310, 00288, 00338, 00408
00311, 00288, 00306, 00416
00312, 00288, 00331, 00413
00313, 00288, 00348, 00415
00314, 00288, 00328, 00411
00315, 00288, 00338, 00409
00316, 00288, 00315, 00412
00317, 00288, 00358, 00403
00318, 00288, 00333, 00409
00319, 00288, 00320, 00414
00320, 00288, 00313, 00415
00321, 00288, 00323, 00404
00322, 00288, 00320, 00406
00323, 00288, 00313, 00411
00324, 00288, 00362, 00405
00325, 00288, 00333, 00411
00326, 00288, 00336, 00413
00327, 00288, 00347, 00416
00328, 00288, 00365, 00409
00329, 00288, 00327, 00409
00330, 00288, 00335, 00404
00331, 00288, 00365, 00405
00332, 00288, 00331, 00408
00333, 00288, 00333, 00411
00334, 00288, 00315, 00419
00335, 00288, 00328, 00407
00336, 00288, 00311, 00406
00337, 00288, 00338, 00405
00338, 00288, 00323, 00409
00339, 00288, 00330, 00408
00340, 00288, 00365, 00411
00341, 00288, 00300, 00420
00342, 00288, 00327, 00413
00343, 00288, 00316, 00412
00344, 00288, 00348, 00401
00345, 00288, 00363, 00412
00346, 00288, 00363, 00410
00347, 00288, 00366, 00411
00348, 00288, 00318, 00419
00349, 00288, 00328, 00408
00350, 00288, 00333, 00406
00351, 00288, 00323, 00403
00352, 00288, 00316, 00410
00353, 00288, 00340, 00409
00354, 00288, 00362, 00409
00355, 00288, 00303, 00416
00356, 00288, 00350, 00412
00357, 00288, 00305, 00407
00358, 00288, 00343, 00402
00359, 00288, 00364, 00410
00360, 00288, 00334, 00410
00361, 00288, 00331, 00407
00362, 00288, 00358, 00412
00363, 00288, 00330, 00411
00364, 00288, 00338, 00411
00365, 00288, 00311, 00408
00366, 00288, 00315, 00410
00367, 00288, 00314, 00408
00368, 00288, 00340, 00403
00369, 00288, 00328, 00408
00370, 00288, 00304, 00415
00371, 00288, 00326, 00416
00372, 00288, 00360, 00406
00373, 00288, 00311, 00410
00374, 00288, 00356, 00410
00375, 00288, 00313, 00407
00376, 00288, 00305, 00410
00377, 00288, 00315, 00413
00378, 00288, 00310, 00415
00379, 00288, 00366, 00409
00380, 00288, 00333, 00406
00381, 00288, 00314, 00404
00382, 00288, 00366, 00404
00383, 00288, 00330, 00410
00384, 00288, 00362, 00415
00385, 00288, 00330, 00418
00386, 00288, 00323, 00405
00387, 00288, 00326, 00406
00388, 00288, 00338, 00408
00389, 00288, 00363, 00409
00390, 00288, 00318, 00407
00391, 00288, 00368, 00412
00392, 00288, 00300, 00417
00393, 00288, 00338, 00407
00394, 00288, 00328, 00409
00395, 00288, 00340, 00403
00396, 00288, 00333, 00411
00397, 00288, 00350, 00407
00398, 00288, 00316, 00411
00399, 00288, 00319, 00421
00400, 00288, 00328, 00407
00401, 00288, 00331, 00407
00402, 00288, 00338, 00411
00403, 00288, 00307, 00414
00404, 00288, 00343, 00409
00405, 00288, 00353, 00410
00406, 00288, 00313, 00414
00407, 00288, 00351, 00408
00408, 00288, 00361, 00409
00409, 00288, 00371, 00400
00410, 00288, 00316, 00411
00411, 00288, 00317, 00410
00412, 00288, 00331, 00410
00413, 00288, 00315, 00416
00414, 00288, 00323, 00410
00415, 00288, 00335, 00411
00416, 00288, 00340, 00407
00417, 00288, 00333, 00413
00418, 00288, 00330, 00407
00419, 00288, 00336, 00403
00420, 00288, 00338, 00411
00421, 00288, 00306, 00410
00422, 00288, 00368, 00411
00423, 00288, 00343, 00404
00424, 00288, 00360, 00412
00425, 00288, 00320, 00408
00426, 00288, 00343, 00404
00427, 00288, 00353, 00409
00428, 00288, 00328, 00413
00429, 00288, 00299, 00415
00430, 00288, 00333, 00409
00431, 00288, 00328, 00410
00432, 00288, 00361, 00408
00433, 00288, 00340, 00407
00434, 00288, 00312, 00413
00435, 00288, 00361, 00415
00436, 00288, 00323, 00415
00437, 00288, 00328, 00404
00438, 00288, 00311, 00404
00439, 00288, 00334, 00407
00440, 00288, 00323, 00406
00441, 00288, 00363, 00411
00442, 00288, 00338, 00415
00443, 00288, 00301, 00418
00444, 00288, 00368, 00406
00445, 00288, 00360, 00406
00446, 00288, 00368, 00404
00447, 00288, 00318, 00408
00448, 00288, 00364, 00409
00449, 00288, 00343, 00411
00450, 00288, 00355, 00419
00451, 00288, 00326, 00403
00452, 00288, 00326, 00406
00453, 00288, 00333, 00409
00454, 00288, 00315, 00414
00455, 00288, 00318, 00407
00456, 00288, 00316, 00409
00457, 00288, 00300, 00417
00458, 00288, 00335, 00408
00459, 00288, 00318, 00408
00460, 00288, 00374, 00404
00461, 00288, 00325, 00416
00462, 00288, 00363, 00412
00463, 00288, 00326, 00411
00464, 00288, 00323, 00420
00465, 00288, 00329, 00406
00466, 00288, 00343, 00408
00467, 00288, 00317, 00406
00468, 00288, 00360, 00412
00469, 00288, 00318, 00406
00470, 00288, 00331, 00406
00471, 00288, 00333, 00415
00472, 00288, 00321, 00412
00473, 00288, 00316, 00413
00474, 00288, 00346, 00405
00475, 00288, 00316, 00413
00476, 00288, 00326, 00409
00477, 00288, 00316, 00408
00478, 00288, 00326, 00413
00479, 00288, 00318, 00412
00480, 00288, 00328, 00409
00481, 00288, 00322, 00407
00482, 00288, 00335, 00412
00483, 00288, 00301, 00407
00484, 00288, 00322, 00405
00485, 00288, 00323, 00410
00486, 00288, 00338, 00413
00487, 00288, 00303, 00415
00488, 00288, 00370, 00404
00489, 00288, 00336, 00409
00490, 00288, 00333, 00413
00491, 00288, 00331, 00412
00492, 00288, 00330, 00412
00493, 00288, 00358, 00417
00494, 00288, 00298, 00415
00495, 00288, 00317, 00405
00496, 00288, 00331, 00404
00497, 00288, 00338, 00404
00498, 00288, 00338, 00406
00499, 00288, 00315, 00409
00500, 00288, 00338, 00415
00501, 00288, 00322, 00418
00502, 00288, 00373, 00406
00503, 00288, 00308, 00404
00504, 00288, 00341, 00410
00505, 00288, 00333, 00412
00506, 00288, 00363, 00410
00507, 00288, 00337, 00412
00508, 00288, 00347, 00416
00509, 00288, 00358, 00405
00510, 00288, 00338, 00404
00511, 00288, 00346, 00406
00512, 00288, 00321, 00414
00513, 00288, 00316, 00412
00514, 00288, 00323, 00410
00515, 00288, 00313, 00412
00516, 00288, 00354, 00405
00517, 00288, 00319, 00407
00518, 00288, 00362, 00410
00519, 00288, 00338, 00417
00520, 00288, 00356, 00409
00521, 00288, 00331, 00408
00522, 00288, 00319, 00417
00523, 00288, 00328, 00413
00524, 00288, 00360, 00409
00525, 00288, 00327, 00401
00526, 00288, 00358, 00412
00527, 00288, 00312, 00405
00528, 00288, 00366, 00407
00529, 00288, 00323, 00416
00530, 00288, 00341, 00410
00531, 00288, 00363, 00411
00532, 00288, 00368, 00408
00533, 00288, 00318, 00414
00534, 00288, 00308, 00405
00535, 00288, 00339, 00407
00536, 00288, 00323, 00415
00537, 00288, 00330, 00413
00538, 00288, 00359, 00412
00539, 00288, 00378, 00402
00540, 00288, 00310, 00408
00541, 00288, 00353, 00410
00542, 00288, 00318, 00412
00543, 00288, 00307, 00412
00544, 00288, 00316, 00413
00545, 00288, 00327, 00410
00546, 00288, 00366, 00405
00547, 00288, 00323, 00408
00548, 00288, 00321, 00408
00549, 00288, 00353, 00411
00550, 00288, 00330, 00416
00551, 00288, 00330, 00417
00552, 00288, 00321, 00414
00553, 00288, 00353, 00403
00554, 00288, 00348, 00405
00555, 00288, 00317, 00410
00556, 00288, 00335, 00410
00557, 00288, 00366, 00409
00558, 00288, 00303, 00411
00559, 00288, 00358, 00411
00560, 00288, 00312, 00406
00561, 00288, 00340, 00409
00562, 00288, 00320, 00407
00563, 00288, 00335, 00411
00564, 00288, 00314, 00413
00565, 00288, 00303, 00412
00566, 00288, 00327, 00414
00567, 00288, 00348, 00406
00568, 00288, 00333, 00408
00569, 00288, 00338, 00410
00570, 00288, 00331, 00413
00571, 00288, 00327, 00407
00572, 00288, 00353, 00410
00573, 00288, 00323, 00413
00574, 00288, 00323, 00406
00575, 00288, 00328, 00409
00576, 00288, 00339, 00404
00577, 00288, 00356, 00413
00578, 00288, 00361, 00408
00579, 00288, 00313, 00415
00580, 00288, 00321, 00418
00581, 00288, 00331, 00413
00582, 00288, 00351, 00410
00583, 00288, 00346, 00404
00584, 00288, 00328, 00409
00585, 00288, 00341, 00403
00586, 00288, 00336, 00409
00587, 00288, 00336, 00415
00588, 00288, 00325, 00412
00589, 00288, 00333, 00412
00590, 00288, 00366, 00402
00591, 00288, 00355, 00409
00592, 00288, 00370, 00410
00593, 00288, 00308, 00413
00594, 00288, 00358, 00416
00595, 00288, 00323, 00413
00596, 00288, 00336, 00409
00597, 00288, 00335, 00405
00598, 00288, 00328, 00409
00599, 00288, 00346, 00405
00600, 00288, 00325, 00411
00601, 00288, 00330, 00417
00602, 00288, 00323, 00413
00603, 00288, 00312, 00408
00604, 00288, 00335, 00400
00605, 00288, 00343, 00408
00606, 00288, 00332, 00413
00607, 00288, 00357, 00412
00608, 00288, 00336, 00414
00609, 00288, 00339, 00416
00610, 00288, 00325, 00411
00611, 00288, 00353, 00406
00612, 00288, 00338, 00409
00613, 00288, 00336, 00407
00614, 00288, 00338, 00408
00615, 00288, 00356, 00410
00616, 00288, 00325, 00413
00617, 00288, 00353, 00411
00618, 00288, 00346, 00406
00619, 00288, 00330, 00408
00620, 00288, 00308, 00412
00621, 00288, 00336, 00410
00622, 00288, 00363, 00407
00623, 00288, 00333, 00412
00624, 00288, 00318, 00412
00625, 00288, 00341, 00408
00626, 00288, 00313, 00411
00627, 00288, 00346, 00408
00628, 00288, 00358, 00407
00629, 00288, 00331, 00409
00630, 00288, 00313, 00415
00631, 00288, 00318, 00415
00632, 00288, 00336, 00407
00633, 00288, 00316, 00407
00634, 00288, 00336, 00408
00635, 00288, 00343, 00409
00636, 00288, 00345, 00405
00637, 00288, 00325, 00414
00638, 00288, 00358, 00421
00639, 00288, 00298, 00412
00640, 00288, 00333, 00407
00641, 00288, 00313, 00406
00642, 00288, 00341, 00411
00643, 00288, 00315, 00408
00644, 00288, 00358, 00414
00645, 00288, 00348, 00411
00646, 00288, 00330, 00406
00647, 00288, 00330, 00405
00648, 00288, 00351, 00405
00649, 00288, 00314, 00414
00650, 00288, 00338, 00406
00651, 00288, 00308, 00413
00652, 00288, 00323, 00414
00653, 00288, 00333, 00412
00654, 00288, 00322, 00409
00655, 00288, 00368, 00407
00656, 00288, 00357, 00414
00657, 00288, 00365, 00408
00658, 00288, 00337, 00413
00659, 00288, 00326, 00410
00660, 00288, 00322, 00415
00661, 00288, 00323, 00409
00662, 00288, 00331, 00407
00663, 00288, 00312, 00413
00664, 00288, 00363, 00406
00665, 00288, 00313, 00407
00666, 00288, 00346, 00414
00667, 00288, 00314, 00419
00668, 00288, 00310, 00412
00669, 00288, 00314, 00403
00670, 00288, 00330, 00409
00671, 00288, 00323, 00408
00672, 00288, 00368, 00409
00673, 00288, 00313, 00406
00674, 00288, 00326, 00416
00675, 00288, 00325, 00411
00676, 00288, 00336, 00403
00677, 00288, 00341, 00406
00678, 00288, 00333, 00408
00679, 00288, 00318, 00411
00680, 00288, 00328, 00412
00681, 00288, 00326, 00419
00682, 00288, 00354, 00407
00683, 00288, 00368, 00405
00684, 00288, 00315, 00406
00685, 00288, 00318, 00410
00686, 00288, 00361, 00414
00687, 00288, 00334, 00408
00688, 00288, 00328, 00416
00689, 00288, 00321, 00412
00690, 00288, 00367, 00410
00691, 00288, 00371, 00407
00692, 00288, 00371, 00410
00693, 00288, 00350, 00411
00694, 00288, 00375, 00407
00695, 00288, 00321, 00414
00696, 00288, 00368, 00411
00697, 00288, 00327, 00413
00698, 00288, 00365, 00410
00699, 00288, 00356, 00410
00700, 00288, 00326, 00411
00701, 00288, 00333, 00403
00702, 00288, 00318, 00409
00703, 00288, 00310, 00416
00704, 00288, 00306, 00411
00705, 00288, 00338, 00403
00706, 00288, 00321, 00403
00707, 00288, 00367, 00410
00708, 00288, 00358, 00406
00709, 00288, 00329, 00413
00710, 00288, 00326, 00413
00711, 00288, 00311, 00412
00712, 00288, 00356, 00410
00713, 00288, 00318, 00405
00714, 00288, 00355, 00411
00715, 00288, 00365, 00407
00716, 00288, 00338, 00412
00717, 00288, 00323, 00418
00718, 00288, 00311, 00415
00719, 00288, 00328, 00408
00720, 00288, 00318, 00403
00721, 00288, 00328, 00410
00722, 00288, 00340, 00408
00723, 00288, 00363, 00414
00724, 00288, 00358, 00412
00725, 00288, 00310, 00415
00726, 00288, 00359, 00410
00727, 00288, 00313, 00410
00728, 00288, 00340, 00411
00729, 00288, 00316, 00410
00730, 00288, 00328, 00411
00731, 00288, 00366, 00410
00732, 00288, 00318, 00414
00733, 00288, 00368, 00403
00734, 00288, 00338, 00403
00735, 00288, 00370, 00407
00736, 00288, 00340, 00412
00737, 00288, 00326, 00412
00738, 00288, 00333, 00408
00739, 00288, 00303, 00413
00740, 00288, 00328, 00411
00741, 00288, 00329, 00408
00742, 00288, 00345, 00407
00743, 00288, 00331, 00409
00744, 00288, 00310, 00408
00745, 00288, 00330, 00410
00746, 00288, 00343, 00415
00747, 00288, 00318, 00410
00748, 00288, 00308, 00412
00749, 00288, 00330, 00411
00750, 00288, 00323, 00409
00751, 00288, 00320, 00407
00752, 00288, 00305, 00407
00753, 00288, 00338, 00414
00754, 00288, 00321, 00415
00755, 00288, 00332, 00414
00756, 00288, 00332, 00407
00757, 00288, 00338, 00408
00758, 00288, 00353, 00409
00759, 00288, 00333, 00410
00760, 00288, 00365, 00415
00761, 00288, 00328, 00409
00762, 00288, 00333, 00409
00763, 00288, 00368, 00403
00764, 00288, 00314, 00404
00765, 00288, 00308, 00410
00766, 00288, 00320, 00407
00767, 00288, 00330, 00415
00768, 00288, 00325, 00416
00769, 00288, 00303, 00413
00770, 00288, 00313, 00400
00771, 00288, 00366, 00405
00772, 00288, 00315, 00412
00773, 00288, 00339, 00409
00774, 00288, 00356, 00417
00775, 00288, 00326, 00411
00776, 00288, 00324, 00411
00777, 00288, 00360, 00408
00778, 00288, 00316, 00409
00779, 00288, 00330, 00412
00780, 00288, 00318, 00409
00781, 00288, 00325, 00412
00782, 00288, 00320, 00414
00783, 00288, 00298, 00414
00784, 00288, 00346, 00406
00785, 00288, 00335, 00410
00786, 00288, 00333, 00417
00787, 00288, 00328, 00409
00788, 00288, 00361, 00411
00789, 00288, 00328, 00411
00790, 00288, 00336, 00414
00791, 00288, 00321, 00407
00792, 00288, 00343, 00409
00793, 00288, 00315, 00404
00794, 00288, 00335, 00403
00795, 00288, 00363, 00408
00796, 00288, 00330, 00412
00797, 00288, 00355, 00421
00798, 00288, 00318, 00405
00799, 00288, 00356, 00404
00800, 00288, 00336, 00406
00801, 00288, 00320, 00412
00802, 00288, 00340, 00409
00803, 00288, 00336, 00411
00804, 00288, 00316, 00417
00805, 00288, 00365, 00408
00806, 00288, 00319, 00409
00807, 00288, 00341, 00405
00808, 00288, 00358, 00413
00809, 00288, 00340, 00410
00810, 00288, 00331, 00410
00811, 00288, 00317, 00417
00812, 00288, 00313, 00409
00813, 00288, 00336, 00410
00814, 00288, 00328, 00410
00815, 00288, 00321, 00417
00816, 00288, 00336, 00410
00817, 00288, 00331, 00407
00818, 00288, 00355, 00416
00819, 00288, 00323, 00409
00820, 00288, 00339, 00409
00821, 00288, 00371, 00404
00822, 00288, 00338, 00411
00823, 00288, 00333, 00407
00824, 00288, 00338, 00406
00825, 00288, 00360, 00414
00826, 00288, 00310, 00413
00827, 00288, 00330, 00412
00828, 00288, 00319, 00407
00829, 00288, 00358, 00411
00830, 00288, 00355, 00405
00831, 00288, 00367, 00407
00832, 00288, 00351, 00411
00833, 00288, 00335, 00415
00834, 00288, 00322, 00413
00835, 00288, 00323, 00404
00836, 00288, 00330, 00409
00837, 00288, 00361, 00413
00838, 00288, 00308, 00410
00839, 00288, 00361, 00411
00840, 00288, 00311, 00413
00841, 00288, 00323, 00413
00842, 00288, 00306, 00408
00843, 00288, 00328, 00409
00844, 00288, 00340, 00411
00845, 00288, 00358, 00412
00846, 00288, 00331, 00414
00847, 00288, 00318, 00415
00848, 00288, 00332, 00413
00849, 00288, 00345, 00406
00850, 00288, 00311, 00408
00851, 00288, 00331, 00412
00852, 00288, 00364, 00409
00853, 00288, 00315, 00405
00854, 00288, 00310, 00410
00855, 00288, 00346, 00414
00856, 00288, 00341, 00410
00857, 00288, 00313, 00411
00858, 00288, 00342, 00409
00859, 00288, 00308, 00410
00860, 00288, 00335, 00408
00861, 00288, 00356, 00414
00862, 00288, 00351, 00414
00863, 00288, 00313, 00406
00864, 00288, 00335, 00407
00865, 00288, 00361, 00409
00866, 00288, 00348, 00416
00867, 00288, 00316, 00404
00868, 00288, 00356, 00411
00869, 00288, 00325, 00414
00870, 00288, 00306, 00411
00871, 00288, 00308, 00410
00872, 00288, 00314, 00404
00873, 00288, 00358, 00414
00874, 00288, 00315, 00413
00875, 00288, 00351, 00416
00876, 00288, 00328, 00417
00877, 00288, 00300, 00410
00878, 00288, 00330, 00406
00879, 00288, 00322, 00403
00880, 00288, 00358, 00413
00881, 00288, 00341, 00405
00882, 00288, 00318, 00411
00883, 00288, 00348, 00413
00884, 00288, 00311, 00410
00885, 00288, 00358, 00411
00886, 00288, 00341, 00406
00887, 00288, 00325, 00414
00888, 00288, 00328, 00411
00889, 00288, 00359, 00413
00890, 00288, 00330, 00408
00891, 00288, 00336, 00411
00892, 00288, 00315, 00408
00893, 00288, 00341, 00406
00894, 00288, 00308, 00415
00895, 00288, 00315, 00409
00896, 00288, 00346, 00410
00897, 00288, 00341, 00410
00898, 00288, 00352, 00415
00899, 00288, 00338, 00409
00900, 00288, 00330, 00404
00901, 00288, 00358, 00412
00902, 00288, 00350, 00412
00903, 00288, 00328, 00413
00904, 00288, 00362, 00410
00905, 00288, 00306, 00418
00906, 00288, 00326, 00414
00907, 00288, 00362, 00402
00908, 00288, 00331, 00405
00909, 00288, 00363, 00408
00910, 00288, 00315, 00408
00911, 00288, 00309, 00411
00912, 00288, 00351, 00417
00913, 00288, 00328, 00411
00914, 00288, 00365, 00406
00915, 00288, 00323, 00407
00916, 00288, 00335, 00411
00917, 00288, 00333, 00414
00918, 00288, 00328, 00410
00919, 00288, 00338, 00417
00920, 00288, 00304, 00410
00921, 00288, 00315, 00407
00922, 00288, 00340, 00407
00923, 00288, 00347, 00411
00924, 00288, 00323, 00415
00925, 00288, 00335, 00411
00926, 00288, 00346, 00414
00927, 00288, 00313, 00407
00928, 00288, 00363, 00406
00929, 00288, 00325, 00409
00930, 00288, 00311, 00411
00931, 00288, 00318, 00414
00932, 00288, 00334, 00407
00933, 00288, 00318, 00414
00934, 00288, 00336, 00416
00935, 00288, 00298, 00414
00936, 00288, 00335, 00405
00937, 00288, 00365, 00404
00938, 00288, 00363, 00410
00939, 00288, 00328, 00406
00940, 00288, 00361, 00413
00941, 00288, 00350, 00411
00942, 00288, 00313, 00412
00943, 00288, 00331, 00409
00944, 00288, 00314, 00405
00945, 00288, 00356, 00410
00946, 00288, 00317, 00408
00947, 00288, 00335, 00415
00948, 00288, 00318, 00418
00949, 00288, 00308, 00414
00950, 00288, 00339, 00404
00951, 00288, 00331, 00405
00952, 00288, 00335, 00411
00953, 00288, 00321, 00412
00954, 00288, 00323, 00420
00955, 00288, 00358, 00413
00956, 00288, 00300, 00409
00957, 00288, 00323, 00406
00958, 00288, 00328, 00409
00959, 00288, 00363, 00411
00960, 00288, 00356, 00410
00961, 00288, 00308, 00412
00962, 00288, 00316, 00415
00963, 00288, 00314, 00417
00964, 00288, 00320, 00407
00965, 00288, 00341, 00408
00966, 00288, 00361, 00408
00967, 00288, 00358, 00407
00968, 00288, 00336, 00408
00969, 00288, 00308, 00407
00970, 00288, 00360, 00415
00971, 00288, 00325, 00409
00972, 00288, 00312, 00408
00973, 00288, 00365, 00407
00974, 00288, 00328, 00408
00975, 00288, 00333, 00410
00976, 00288, 00348, 00412
00977, 00288, 00335, 00419
00978, 00288, 00323, 00409
00979, 00288, 00310, 00410
00980, 00288, 00330, 00405
00981, 00288, 00312, 00408
00982, 00288, 00360, 00412
00983, 00288, 00330, 00413
00984, 00288, 00316, 00421
00985, 00288, 00357, 00411
00986, 00288, 00353, 00408
00987, 00288, 00368, 00402
00988, 00288, 00338, 00411
00989, 00288, 00359, 00411
00990, 00288, 00323, 00412
00991, 00288, 00318, 00422
00992, 00288, 00323, 00413
00993, 00288, 00322, 00408
00994, 00288, 00372, 00408
00995, 00288, 00334, 00411
00996, 00288, 00368, 00410
00997, 00288, 00360, 00405
00998, 00288, 00357, 00412
00999, 00288, 00318, 00413
01000, 00288, 00324, 00408
01001, 00288, 00374, 00401
01002, 00288, 00338, 00407
01003, 00288, 00318, 00415
01004, 00288, 00331, 00407
01005, 00288, 00353, 00413
01006, 00288, 00320, 00413
01007, 00288, 00363, 00412
01008, 00288, 00361, 00409
01009, 00288, 00333, 00410
01010, 00288, 00360, 00408
01011, 00288, 00333, 00405
01012, 00288, 00348, 00415
01013, 00288, 00306, 00417
01014, 00288, 00328, 00419
01015, 00288, 00322, 00405
01016, 00288, 00325, 00405
01017, 00288, 00319, 00410
01018, 00288, 00340, 00409
01019, 00288, 00327, 00413
01020, 00288, 00363, 00417
01021, 00288, 00314, 00418
01022, 00288, 00355, 00410
01023, 00288, 00328, 00408
01024, 00288, 00327, 00409
01025, 00288, 00329, 00408
01026, 00288, 00335, 00410
01027, 00288, 00324, 00415
01028, 00288, 00315, 00414
01029, 00288, 00335, 00404
01030, 00288, 00343, 00405
01031, 00288, 00339, 00409
01032, 00288, 00308, 00412
01033, 00288, 00338, 00409
01034, 00288, 00353, 00409
01035, 00288, 00335, 00414
01036, 00288, 00307, 00408
01037, 00288, 00331, 00410
01038, 00288, 00318, 00405
01039, 00288, 00334, 00412
01040, 00288, 00356, 00407
01041, 00288, 00356, 00411
01042, 00288, 00347, 00418
01043, 00288, 00315, 00412
01044, 00288, 00356, 00410
01045, 00288, 00345, 00407
01046, 00288, 00326, 00412
01047, 00288, 00362, 00404
01048, 00288, 00325, 00411
01049, 00288, 00328, 00417
01050, 00288, 00324, 00417
01051, 00288, 00323, 00417
01052, 00288, 00308, 00405
01053, 00288, 00301, 00411
01054, 00288, 00370, 00409
01055, 00288, 00313, 00412
01056, 00288, 00342, 00415
01057, 00288, 00307, 00411
01058, 00288, 00316, 00407
01059, 00288, 00335, 00403
01060, 00288, 00328, 00410
01061, 00288, 00366, 00406
01062, 00288, 00336, 00411
01063, 00288, 00315, 00413
01064, 00288, 00325, 00412
01065, 00288, 00315, 00408
01066, 00288, 00358, 00406
01067, 00288, 00354, 00412
01068, 00288, 00330, 00410
01069, 00288, 00313, 00411
01070, 00288, 00326, 00407
01071, 00288, 00356, 00412
01072, 00288, 00343, 00413
01073, 00288, 00346, 00407
01074, 00288, 00325, 00412
01075, 00288, 00341, 00408
01076, 00288, 00305, 00407
01077, 00288, 00306, 00410
01078, 00288, 00335, 00417
01079, 00288, 00326, 00415
01080, 00288, 00358, 00412
01081, 00288, 00363, 00410
01082, 00288, 00333, 00411
01083, 00288, 00315, 00412
01084, 00288, 00340, 00407
01085, 00288, 00308, 00414
01086, 00288, 00310, 00415
01087, 00288, 00339, 00408
01088, 00288, 00363, 00406
01089, 00288, 00358, 00406
01090, 00288, 00363, 00408
01091, 00288, 00338, 00411
01092, 00288, 00305, 00416
01093, 00288, 00329, 00414
01094, 00288, 00337, 00405
01095, 00288, 00308, 00407
01096, 00288, 00356, 00408
01097, 00288, 00333, 00411
01098, 00288, 00336, 00406
01099, 00288, 00310, 00412
01100, 00288, 00321, 00417
01101, 00288, 00318, 00408
01102, 00288, 00313, 00407
01103, 00288, 00336, 00407
01104, 00288, 00338, 00413
01105, 00288, 00313, 00408
01106, 00288, 00324, 00413
01107, 00288, 00306, 00411
01108, 00288, 00321, 00411
01109, 00288, 00308, 00410
01110, 00288, 00333, 00411
01111, 00288, 00318, 00416
01112, 00288, 00333, 00407
01113, 00288, 00318, 00408
01114, 00288, 00337, 00415
01115, 00288, 00308, 00414
01116, 00288, 00365, 00409
01117, 00288, 00363, 00404
01118, 00288, 00356, 00412
01119, 00288, 00313, 00407
01120, 00288, 00302, 00412
01121, 00288, 00333, 00412
01122, 00288, 00308, 00413
01123, 00288, 00337, 00411
01124, 00288, 00338, 00406
01125, 00288, 00363, 00412
01126, 00288, 00307, 00406
01127, 00288, 00366, 00409
01128, 00288, 00313, 00414
01129, 00288, 00345, 00415
01130, 00288, 00338, 00409
01131, 00288, 00363, 00406
01132, 00288, 00350, 00410
01133, 00288, 00321, 00409
01134, 00288, 00348, 00411
01135, 00288, 00333, 00408
01136, 00288, 00330, 00417
01137, 00288, 00302, 00410
01138, 00288, 00361, 00406
01139, 00288, 00356, 00411
01140, 00288, 00321, 00412
01141, 00288, 00309, 00413
01142, 00288, 00310, 00413
01143, 00288, 00305, 00417
01144, 00288, 00366, 00406
01145, 00288, 00359, 00406
01146, 00288, 00321, 00408
01147, 00288, 00360, 00411
01148, 00288, 00328, 00412
01149, 00288, 00316, 00409
01150, 00288, 00301, 00415
01151, 00288, 00357, 00414
01152, 00288, 00337, 00411
01153, 00288, 00313, 00408
01154, 00288, 00309, 00409
01155, 00288, 00330, 00409
01156, 00288, 00309, 00409
01157, 00288, 00311, 00416
01158, 00288, 00358, 00409
01159, 00288, 00340, 00411
01160, 00288, 00323, 00410
01161, 00288, 00311, 00410
01162, 00288, 00353, 00409
01163, 00288, 00323, 00406
01164, 00288, 00366, 00415
01165, 00288, 00313, 00414
01166, 00288, 00325, 00413
01167, 00288, 00346, 00404
01168, 00288, 00310, 00411
01169, 00288, 00356, 00413
01170, 00288, 00338, 00410
01171, 00288, 00315, 00418
01172, 00288, 00341, 00410
01173, 00288, 00323, 00406
01174, 00288, 00338, 00406
01175, 00288, 00340, 00408
01176, 00288, 00320, 00412
01177, 00288, 00358, 00406
01178, 00288, 00328, 00413
01179, 00288, 00317, 00415
01180, 00288, 00313, 00414
01181, 00288, 00337, 00406
01182, 00288, 00320, 00408
01183, 00288, 00353, 00414
01184, 00288, 00326, 00409
01185, 00288, 00331, 00411
01186, 00288, 00308, 00414
01187, 00288, 00358, 00413
01188, 00288, 00331, 00410
01189, 00288, 00334, 00412
01190, 00288, 00353, 00413
01191, 00288, 00368, 00406
01192, 00288, 00330, 00409
01193, 00288, 00363, 00413
01194, 00288, 00308, 00419
01195, 00288, 00333, 00408
01196, 00288, 00306, 00409
01197, 00288, 00338, 00412
01198, 00288, 00310, 00414
01199, 00288, 00340, 00410
01200, 00288, 00361, 00414
01201, 00288, 00318, 00416
01202, 00288, 00358, 00407
01203, 00288, 00333, 00404
01204, 00288, 00372, 00403
01205, 00288, 00360, 00409
01206, 00288, 00341, 00408
01207, 00288, 00358, 00413
01208, 00288, 00340, 00419
01209, 00288, 00306, 00408
01210, 00288, 00366, 00405
01211, 00288, 00330, 00408
01212, 00288, 00310, 00415
01213, 00288, 00335, 00410
01214, 00288, 00323, 00410
01215, 00288, 00353, 00415
01216, 00288, 00328, 00410
01217, 00288, 00337, 00410
01218, 00288, 00336, 00406
01219, 00288, 00310, 00416
01220, 00288, 00324, 00411
01221, 00288, 00340, 00408
01222, 00288, 00326, 00414
01223, 00288, 00316, 00412
01224, 00288, 00325, 00413
01225, 00288, 00336, 00410
01226, 00288, 00323, 00415
01227, 00288, 00316, 00408
01228, 00288, 00315, 00411
01229, 00288, 00310, 00417
01230, 00288, 00352, 00417
01231, 00288, 00333, 00409
01232, 00288, 00340, 00401
01233, 00288, 00313, 00408
01234, 00288, 00335, 00408
01235, 00288, 00315, 00409
01236, 00288, 00333, 00413
01237, 00288, 00311, 00414
01238, 00288, 00325, 00410
01239, 00288, 00308, 00405
01240, 00288, 00357, 00409
01241, 00288, 00368, 00409
01242, 00288, 00306, 00411
01243, 00288, 00336, 00415
01244, 00288, 00318, 00415
01245, 00288, 00308, 00412
01246, 00288, 00362, 00403
01247, 00288, 00316, 00410
01248, 00288, 00308, 00416
01249, 00288, 00305, 00414
01250, 00288, 00318, 00409
01251, 00288, 00325, 00410
01252, 00288, 00351, 00411
01253, 00288, 00338, 00410
01254, 00288, 00328, 00414
01255, 00288, 00328, 00411
01256, 00288, 00299, 00411
01257, 00288, 00361, 00413
01258, 00288, 00321, 00419
01259, 00288, 00324, 00416
01260, 00288, 00328, 00408
01261, 00288, 00333, 00408
01262, 00288, 00358, 00409
01263, 00288, 00325, 00409
01264, 00288, 00325, 00405
01265, 00288, 00326, 00413
01266, 00288, 00308, 00414
01267, 00288, 00333, 00408
01268, 00288, 00328, 00407
01269, 00288, 00363, 00407
01270, 00288, 00331, 00412
01271, 00288, 00308, 00412
01272, 00288, 00331, 00416
01273, 00288, 00303, 00413
01274, 00288, 00334, 00405
01275, 00288, 00360, 00404
01276, 00288, 00343, 00408
01277, 00288, 00313, 00418
01278, 00288, 00320, 00410
01279, 00288, 00320, 00412
01280, 00288, 00344, 00412
01281, 00288, 00335, 00410
01282, 00288, 00315, 00408
01283, 00288, 00361, 00409
01284, 00288, 00325, 00416
01285, 00288, 00311, 00410
01286, 00288, 00318, 00416
01287, 00288, 00331, 00413
01288, 00288, 00345, 00415
01289, 00288, 00327, 00411
01290, 00288, 00333, 00405
01291, 00288, 00331, 00411
01292, 00288, 00335, 00406
01293, 00288, 00336, 00411
01294, 00288, 00328, 00415
01295, 00288, 00323, 00415
01296, 00288, 00328, 00407
01297, 00288, 00333, 00405
01298, 00288, 00323, 00411
01299, 00288, 00361, 00410
01300, 00288, 00366, 00415
01301, 00288, 00353, 00413
01302, 00288, 00331, 00414
01303, 00288, 00360, 00406
01304, 00288, 00333, 00405
01305, 00288, 00338, 00408
01306, 00288, 00364, 00411
01307, 00288, 00322, 00415
01308, 00288, 00348, 00414
01309, 00288, 00318, 00415
01310, 00288, 00336, 00402
01311, 00288, 00362, 00405
01312, 00288, 00365, 00409
01313, 00288, 00360, 00414
01314, 00288, 00346, 00415
01315, 00288, 00336, 00412
01316, 00288, 00296, 00416
01317, 00288, 00356, 00414
01318, 00288, 00351, 00411
01319, 00288, 00336, 00406
01320, 00288, 00328, 00408
01321, 00288, 00360, 00409
01322, 00288, 00331, 00409
01323, 00288, 00302, 00415
01324, 00288, 00315, 00409
01325, 00288, 00317, 00409
01326, 00288, 00305, 00409
01327, 00288, 00306, 00410
01328, 00288, 00363, 00411
01329, 00288, 00329, 00410
01330, 00288, 00318, 00416
01331, 00288, 00343, 00415
01332, 00288, 00333, 00412
01333, 00288, 00336, 00405
01334, 00288, 00331, 00408
01335, 00288, 00306, 00412
01336, 00288, 00363, 00412
01337, 00288, 00353, 00422
01338, 00288, 00355, 00410
01339, 00288, 00351, 00407
01340, 00288, 00370, 00406
01341, 00288, 00333, 00412
01342, 00288, 00327, 00412
01343, 00288, 00338, 00411
01344, 00288, 00308, 00415
01345, 00288, 00320, 00417
01346, 00288, 00332, 00413
01347, 00288, 00363, 00405
01348, 00288, 00342, 00409
01349, 00288, 00328, 00410
01350, 00288, 00338, 00405
01351, 00288, 00311, 00412
01352, 00288, 00318, 00411
01353, 00288, 00331, 00411
01354, 00288, 00358, 00408
01355, 00288, 00317, 00411
01356, 00288, 00308, 00410
01357, 00288, 00331, 00405
01358, 00288, 00353, 00413
01359, 00288, 00336, 00415
01360, 00288, 00320, 00418
01361, 00288, 00367, 00407
01362, 00288, 00355, 00406
01363, 00288, 00329, 00410
01364, 00288, 00333, 00412
01365, 00288, 00358, 00414
01366, 00288, 00332, 00417
01367, 00288, 00344, 00414
01368, 00288, 00326, 00407
01369, 00288, 00360, 00407
01370, 00288, 00338, 00409
01371, 00288, 00309, 00411
01372, 00288, 00365, 00413
01373, 00288, 00298, 00416
01374, 00288, 00333, 00418
01375, 00288, 00333, 00409
01376, 00288, 00330, 00411
01377, 00288, 00357, 00413
01378, 00288, 00313, 00412
01379, 00288, 00330, 00402
01380, 00288, 00333, 00408
01381, 00288, 00326, 00414
01382, 00288, 00337, 00408
01383, 00288, 00335, 00409
01384, 00288, 00345, 00405
01385, 00288, 00356, 00412
01386, 00288, 00307, 00407
01387, 00288, 00322, 00412
01388, 00288, 00305, 00416
01389, 00288, 00325, 00410
01390, 00288, 00310, 00409
01391, 00288, 00341, 00407
01392, 00288, 00352, 00413
01393, 00288, 00325, 00405
01394, 00288, 00303, 00415
01395, 00288, 00323, 00419
01396, 00288, 00341, 00414
01397, 00288, 00332, 00409
01398, 00288, 00311, 00402
01399, 00288, 00338, 00412
01400, 00288, 00308, 00410
01401, 00288, 00311, 00415
01402, 00288, 00323, 00416
01403, 00288, 00329, 00412
01404, 00288, 00325, 00412
01405, 00288, 00318, 00408
01406, 00288, 00365, 00418
01407, 00288, 00364, 00405
01408, 00288, 00331, 00410
01409, 00288, 00302, 00411
01410, 00288, 00351, 00412
01411, 00288, 00366, 00408
01412, 00288, 00335, 00406
01413, 00288, 00310, 00412
01414, 00288, 00364, 00408
01415, 00288, 00303, 00410
01416, 00288, 00342, 00408
01417, 00288, 00351, 00413
01418, 00288, 00317, 00410
01419, 00288, 00358, 00407
01420, 00288, 00336, 00412
01421, 00288, 00329, 00408
01422, 00288, 00333, 00407
01423, 00288, 00335, 00413
01424, 00288, 00300, 00420
01425, 00288, 00358, 00414
01426, 00288, 00336, 00404
01427, 00288, 00359, 00407
01428, 00288, 00353, 00410
01429, 00288, 00316, 00413
01430, 00288, 00326, 00410
01431, 00288, 00358, 00417
01432, 00288, 00300, 00415
01433, 00288, 00355, 00410
01434, 00288, 00327, 00408
01435, 00288, 00326, 00412
01436, 00288, 00353, 00412
01437, 00288, 00318, 00411
01438, 00288, 00351, 00416
01439, 00288, 00325, 00408
01440, 00288, 00311, 00407
01441, 00288, 00346, 00407
01442, 00288, 00348, 00412
01443, 00288, 00326, 00414
01444, 00288, 00347, 00407
01445, 00288, 00318, 00410
01446, 00288, 00334, 00414
01447, 00288, 00315, 00410
01448, 00288, 00318, 00408
01449, 00288, 00330, 00408
01450, 00288, 00335, 00409
01451, 00288, 00335, 00407
01452, 00288, 00315, 00412
01453, 00288, 00331, 00413
01454, 00288, 00303, 00412
01455, 00288, 00308, 00410
01456, 00288, 00313, 00408
01457, 00288, 00335, 00410
01458, 00288, 00306, 00406
01459, 00288, 00320, 00411
01460, 00288, 00350, 00418
01461, 00288, 00312, 00417
01462, 00288, 00326, 00408
01463, 00288, 00318, 00406
01464, 00288, 00306, 00412
01465, 00288, 00315, 00411
01466, 00288, 00360, 00416
01467, 00288, 00358, 00412
01468, 00288, 00325, 00413
01469, 00288, 00365, 00407
01470, 00288, 00338, 00406
01471, 00288, 00338, 00411
01472, 00288, 00323, 00410
01473, 00288, 00325, 00414
01474, 00288, 00316, 00414
01475, 00288, 00338, 00414
01476, 00288, 00340, 00405
01477, 00288, 00342, 00408
01478, 00288, 00318, 00414
01479, 00288, 00306, 00408
01480, 00288, 00361, 00410
01481, 00288, 00310, 00409
01482, 00288, 00332, 00414
01483, 00288, 00313, 00412
01484, 00288, 00313, 00412
01485, 00288, 00308, 00409
01486, 00288, 00355, 00405
01487, 00288, 00313, 00406
01488, 00288, 00304, 00411
01489, 00288, 00335, 00419
01490, 00288, 00350, 00409
01491, 00288, 00301, 00410
01492, 00288, 00328, 00409
01493, 00288, 00340, 00411
01494, 00288, 00332, 00410
01495, 00288, 00315, 00411
01496, 00288, 00323, 00418
01497, 00288, 00360, 00411
01498, 00288, 00355, 00408
01499, 00288, 00376, 00402
01500, 00288, 00315, 00409
01501, 00288, 00336, 00411
01502, 00288, 00325, 00413
01503, 00288, 00301, 00420
01504, 00288, 00356, 00409
01505, 00288, 00315, 00408
01506, 00288, 00311, 00408
01507, 00288, 00310, 00414
01508, 00288, 00365, 00410
01509, 00288, 00332, 00408
01510, 00288, 00333, 00414
01511, 00288, 00302, 00410
01512, 00288, 00316, 00413
01513, 00288, 00326, 00409
01514, 00288, 00361, 00414
01515, 00288, 00321, 00408
01516, 00288, 00323, 00405
01517, 00288, 00308, 00413
01518, 00288, 00353, 00413
01519, 00288, 00319, 00413
01520, 00288, 00321, 00410
01521, 00288, 00298, 00414
01522, 00288, 00358, 00407
01523, 00288, 00363, 00410
01524, 00288, 00328, 00414
01525, 00288, 00342, 00415
01526, 00288, 00301, 00412
01527, 00288, 00316, 00403
01528, 00288, 00313, 00405
01529, 00288, 00336, 00410
01530, 00288, 00326, 00410
01531, 00288, 00360, 00414
01532, 00288, 00343, 00416
01533, 00288, 00320, 00412
01534, 00288, 00308, 00405
01535, 00288, 00320, 00408
01536, 00288, 00313, 00409
01537, 00288, 00314, 00411
01538, 00288, 00333, 00412
01539, 00288, 00348, 00414
01540, 00288, 00313, 00410
01541, 00288, 00366, 00409
01542, 00288, 00308, 00413
01543, 00288, 00323, 00415
01544, 00288, 00314, 00411
01545, 00288, 00328, 00404
01546, 00288, 00335, 00411
01547, 00288, 00345, 00412
01548, 00288, 00361, 00412
01549, 00288, 00301, 00415
01550, 00288, 00333, 00412
01551, 00288, 00348, 00409
01552, 00288, 00343, 00410
01553, 00288, 00310, 00417
01554, 00288, 00331, 00413
01555, 00288, 00332, 00405
01556, 00288, 00318, 00408
01557, 00288, 00324, 00407
01558, 00288, 00352, 00409
01559, 00288, 00370, 00405
01560, 00288, 00310, 00412
01561, 00288, 00313, 00417
01562, 00288, 00347, 00411
01563, 00288, 00332, 00407
01564, 00288, 00363, 00403
01565, 00288, 00365, 00412
01566, 00288, 00327, 00412
01567, 00288, 00321, 00416
01568, 00288, 00316, 00414
01569, 00288, 00330, 00407
01570, 00288, 00311, 00408
01571, 00288, 00310, 00408
01572, 00288, 00327, 00418
01573, 00288, 00356, 00407
01574, 00288, 00316, 00412
01575, 00288, 00326, 00413
01576, 00288, 00338, 00411
01577, 00288, 00358, 00410
01578, 00288, 00366, 00409
01579, 00288, 00305, 00417
01580, 00288, 00331, 00412
01581, 00288, 00303, 00412
01582, 00288, 00322, 00412
01583, 00288, 00302, 00414
01584, 00288, 00320, 00410
01585, 00288, 00365, 00405
01586, 00288, 00335, 00413
01587, 00288, 00313, 00404
01588, 00288, 00317, 00406
01589, 00288, 00338, 00413
01590, 00288, 00323, 00417
01591, 00288, 00361, 00411
01592, 00288, 00366, 00403
01593, 00288, 00323, 00409
01594, 00288, 00323, 00410
01595, 00288, 00340, 00412
01596, 00288, 00336, 00409
01597, 00288, 00356, 00416
01598, 00288, 00350, 00409
01599, 00288, 00341, 00402
01600, 00288, 00308, 00409
01601, 00288, 00328, 00413
01602, 00288, 00338, 00413
01603, 00288, 00347, 00413
01604, 00288, 00333, 00416
01605, 00288, 00319, 00407
01606, 00288, 00363, 00406
01607, 00288, 00336, 00408
01608, 00288, 00338, 00415
01609, 00288, 00300, 00418
01610, 00288, 00319, 00409
01611, 00288, 00345, 00416
01612, 00288, 00360, 00416
01613, 00288, 00313, 00409
01614, 00288, 00335, 00406
01615, 00288, 00329, 00410
01616, 00288, 00310, 00408
01617, 00288, 00361, 00407
01618, 00288, 00341, 00414
01619, 00288, 00340, 00410
01620, 00288, 00328, 00410
01621, 00288, 00340, 00410
01622, 00288, 00356, 00410
01623, 00288, 00358, 00411
01624, 00288, 00325, 00408
01625, 00288, 00328, 00413
01626, 00288, 00356, 00416
01627, 00288, 00354, 00411
01628, 00288, 00366, 00404
01629, 00288, 00313, 00406
01630, 00288, 00360, 00414
01631, 00288, 00345, 00412
01632, 00288, 00361, 00414
01633, 00288, 00308, 00411
01634, 00288, 00332, 00412
01635, 00288, 00321, 00408
01636, 00288, 00329, 00407
01637, 00288, 00330, 00414
01638, 00288, 00342, 00409
01639, 00288, 00355, 00417
01640, 00288, 00318, 00417
01641, 00288, 00325, 00417
01642, 00288, 00365, 00404
01643, 00288, 00333, 00404
01644, 00288, 00365, 00410
01645, 00288, 00373, 00410
01646, 00288, 00303, 00413
01647, 00288, 00363, 00410
01648, 00288, 00324, 00412
01649, 00288, 00338, 00406
01650, 00288, 00313, 00408
01651, 00288, 00367, 00409
01652, 00288, 00333, 00410
01653, 00288, 00353, 00414
01654, 00288, 00338, 00411
01655, 00288, 00323, 00416
01656, 00288, 00341, 00404
01657, 00288, 00340, 00405
01658, 00288, 00373, 00409
01659, 00288, 00336, 00415
01660, 00288, 00316, 00415
01661, 00288, 00311, 00409
01662, 00288, 00312, 00412
01663, 00288, 00315, 00410
01664, 00288, 00356, 00409
01665, 00288, 00341, 00408
01666, 00288, 00303, 00411
01667, 00288, 00338, 00412
01668, 00288, 00323, 00413
01669, 00288, 00321, 00419
01670, 00288, 00309, 00412
01671, 00288, 00330, 00412
01672, 00288, 00363, 00405
01673, 00288, 00328, 00408
01674, 00288, 00365, 00409
01675, 00288, 00312, 00408
01676, 00288, 00328, 00416
01677, 00288, 00303, 00413
01678, 00288, 00363, 00411
01679, 00288, 00313, 00404
01680, 00288, 00344, 00407
01681, 00288, 00306, 00411
01682, 00288, 00341, 00410
01683, 00288, 00318, 00418
01684, 00288, 00308, 00412
01685, 00288, 00308, 00409
01686, 00288, 00316, 00405
01687, 00288, 00330, 00408
01688, 00288, 00331, 00413
01689, 00288, 00370, 00411
01690, 00288, 00341, 00418
01691, 00288, 00336, 00413
01692, 00288, 00313, 00408
01693, 00288, 00339, 00401
01694, 00288, 00336, 00409
01695, 00288, 00317, 00416
01696, 00288, 00351, 00411
01697, 00288, 00328, 00415
01698, 00288, 00314, 00417
01699, 00288, 00359, 00415
01700, 00288, 00305, 00410
01701, 00288, 00333, 00409
01702, 00288, 00364, 00405
01703, 00288, 00335, 00404
01704, 00288, 00323, 00411
01705, 00288, 00354, 00414
01706, 00288, 00323, 00416
01707, 00288, 00341, 00406
01708, 00288, 00358, 00408
01709, 00288, 00357, 00411
01710, 00288, 00334, 00407
01711, 00288, 00330, 00412
01712, 00288, 00360, 00415
01713, 00288, 00322, 00416
01714, 00288, 00331, 00409
01715, 00288, 00351, 00408
01716, 00288, 00323, 00407
01717, 00288, 00309, 00409
01718, 00288, 00360, 00413
01719, 00288, 00311, 00417
01720, 00288, 00317, 00416
01721, 00288, 00326, 00404
01722, 00288, 00326, 00405
01723, 00288, 00328, 00411
01724, 00288, 00302, 00414
01725, 00288, 00315, 00409
01726, 00288, 00348, 00411
01727, 00288, 00321, 00418
01728, 00288, 00318, 00410
01729, 00288, 00317, 00410
01730, 00288, 00317, 00406
01731, 00288, 00343, 00412
01732, 00288, 00332, 00406
01733, 00288, 00308, 00409
01734, 00288, 00302, 00415
01735, 00288, 00336, 00411
01736, 00288, 00356, 00410
01737, 00288, 00370, 00408
01738, 00288, 00351, 00412
01739, 00288, 00365, 00403
01740, 00288, 00327, 00411
01741, 00288, 00355, 00416
01742, 00288, 00337, 00413
01743, 00288, 00331, 00412
01744, 00288, 00315, 00403
01745, 00288, 00355, 00410
01746, 00288, 00373, 00408
01747, 00288, 00303, 00415
01748, 00288, 00323, 00418
01749, 00288, 00328, 00414
01750, 00288, 00317, 00409
01751, 00288, 00359, 00404
01752, 00288, 00335, 00412
01753, 00288, 00340, 00406
01754, 00288, 00328, 00411
01755, 00288, 00362, 00416
01756, 00288, 00319, 00415
01757, 00288, 00355, 00413
01758, 00288, 00338, 00406
01759, 00288, 00361, 00413
01760, 00288, 00353, 00410
01761, 00288, 00363, 00410
01762, 00288, 00320, 00409
01763, 00288, 00350, 00411
01764, 00288, 00303, 00409
01765, 00288, 00318, 00405
01766, 00288, 00314, 00410
01767, 00288, 00341, 00408
01768, 00288, 00334, 00411
01769, 00288, 00331, 00410
01770, 00288, 00333, 00414
01771, 00288, 00353, 00412
01772, 00288, 00333, 00410
01773, 00288, 00333, 00410
01774, 00288, 00311, 00411
01775, 00288, 00303, 00411
01776, 00288, 00336, 00406
01777, 00288, 00356, 00415
01778, 00288, 00348, 00416
01779, 00288, 00338, 00411
01780, 00288, 00328, 00412
01781, 00288, 00345, 00408
01782, 00288, 00321, 00408
01783, 00288, 00345, 00410
01784, 00288, 00318, 00417
01785, 00288, 00315, 00416
01786, 00288, 00321, 00410
01787, 00288, 00333, 00408
01788, 00288, 00358, 00412
01789, 00288, 00328, 00414
01790, 00288, 00338, 00406
01791, 00288, 00316, 00412
01792, 00288, 00326, 00412
01793, 00288, 00336, 00407
01794, 00288, 00346, 00404
01795, 00288, 00338, 00407
01796, 00288, 00303, 00414
01797, 00288, 00345, 00409
01798, 00288, 00320, 00412
01799, 00288, 00311, 00410
01800, 00288, 00311, 00409
01801, 00288, 00316, 00407
01802, 00288, 00313, 00409
01803, 00288, 00329, 00415
01804, 00288, 00318, 00405
01805, 00288, 00318, 00411
01806, 00288, 00338, 00416
01807, 00288, 00300, 00417
01808, 00288, 00318, 00411
01809, 00288, 00358, 00405
01810, 00288, 00326, 00410
01811, 00288, 00357, 00408
01812, 00288, 00353, 00411
01813, 00288, 00337, 00412
01814, 00288, 00331, 00416
01815, 00288, 00353, 00414
01816, 00288, 00311, 00407
01817, 00288, 00311, 00413
01818, 00288, 00333, 00409
01819, 00288, 00320, 00411
01820, 00288, 00308, 00413
01821, 00288, 00330, 00416
01822, 00288, 00331, 00404
01823, 00288, 00320, 00401
01824, 00288, 00328, 00407
01825, 00288, 00338, 00409
01826, 00288, 00319, 00413
01827, 00288, 00308, 00410
01828, 00288, 00351, 00415
01829, 00288, 00325, 00405
01830, 00288, 00366, 00405
01831, 00288, 00316, 00408
01832, 00288, 00368, 00412
01833, 00288, 00331, 00412
01834, 00288, 00358, 00410
01835, 00288, 00353, 00417
01836, 00288, 00360, 00408
01837, 00288, 00306, 00409
01838, 00288, 00320, 00408
01839, 00288, 00333, 00412
01840, 00288, 00306, 00412
01841, 00288, 00320, 00408
01842, 00288, 00303, 00414
01843, 00288, 00316, 00416
01844, 00288, 00308, 00414
01845, 00288, 00310, 00409
01846, 00288, 00328, 00409
01847, 00288, 00337, 00410
01848, 00288, 00358, 00410
01849, 00288, 00315, 00418
01850, 00288, 00356, 00410
01851, 00288, 00360, 00410
01852, 00288, 00369, 00404
01853, 00288, 00365, 00408
01854, 00288, 00313, 00409
01855, 00288, 00370, 00409
01856, 00288, 00320, 00418
01857, 00288, 00348, 00413
01858, 00288, 00326, 00408
01859, 00288, 00376, 00400
01860, 00288, 00316, 00407
01861, 00288, 00336, 00411
01862, 00288, 00320, 00409
01863, 00288, 00318, 00417
01864, 00288, 00363, 00410
01865, 00288, 00311, 00409
01866, 00288, 00318, 00408
01867, 00288, 00339, 00411
01868, 00288, 00336, 00412
01869, 00288, 00354, 00406
01870, 00288, 00356, 00412
01871, 00288, 00363, 00414
01872, 00288, 00326, 00414
01873, 00288, 00310, 00407
01874, 00288, 00314, 00410
01875, 00288, 00356, 00415
01876, 00288, 00303, 00408
01877, 00288, 00328, 00414
01878, 00288, 00318, 00412
01879, 00288, 00315, 00413
01880, 00288, 00313, 00410
01881, 00288, 00333, 00409
01882, 00288, 00343, 00408
01883, 00288, 00343, 00404
01884, 00288, 00313, 00410
01885, 00288, 00325, 00415
01886, 00288, 00353, 00419
01887, 00288, 00321, 00407
01888, 00288, 00313, 00406
01889, 00288, 00338, 00408
01890, 00288, 00338, 00410
01891, 00288, 00312, 00409
01892, 00288, 00343, 00413
01893, 00288, 00316, 00416
01894, 00288, 00331, 00408
01895, 00288, 00330, 00409
01896, 00288, 00313, 00406
01897, 00288, 00355, 00411
01898, 00288, 00323, 00408
01899, 00288, 00306, 00412
01900, 00288, 00301, 00417
01901, 00288, 00323, 00409
01902, 00288, 00363, 00409
01903, 00288, 00333, 00411
01904, 00288, 00357, 00417
01905, 00288, 00358, 00407
01906, 00288, 00331, 00410
01907, 00288, 00348, 00415
01908, 00288, 00315, 00410
01909, 00288, 00332, 00411
01910, 00288, 00368, 00405
01911, 00288, 00326, 00411
01912, 00288, 00313, 00406
01913, 00288, 00330, 00410
01914, 00288, 00325, 00417
01915, 00288, 00358, 00414
01916, 00288, 00358, 00412
01917, 00288, 00365, 00407
01918, 00288, 00355, 00413
01919, 00288, 00341, 00404
01920, 00288, 00311, 00409
01921, 00288, 00326, 00414
01922, 00288, 00338, 00413
01923, 00288, 00333, 00412
01924, 00288, 00374, 00406
01925, 00288, 00321, 00412
01926, 00288, 00310, 00409
01927, 00288, 00330, 00410
01928, 00288, 00363, 00410
01929, 00288, 00335, 00414
01930, 00288, 00321, 00412
01931, 00288, 00311, 00407
01932, 00288, 00328, 00410
01933, 00288, 00344, 00412
01934, 00288, 00357, 00410
01935, 00288, 00338, 00415
01936, 00288, 00346, 00418
01937, 00288, 00312, 00410
01938, 00288, 00339, 00402
01939, 00288, 00348, 00407
01940, 00288, 00338, 00410
01941, 00288, 00338, 00410
01942, 00288, 00332, 00411
01943, 00288, 00316, 00413
01944, 00288, 00350, 00414
01945, 00288, 00332, 00409
01946, 00288, 00308, 00411
01947, 00288, 00336, 00408
01948, 00288, 00316, 00411
01949, 00288, 00303, 00410
01950, 00288, 00356, 00412
01951, 00288, 00323, 00415
01952, 00288, 00345, 00406
01953, 00288, 00331, 00411
01954, 00288, 00311, 00415
01955, 00288, 00323, 00413
01956, 00288, 00358, 00404
01957, 00288, 00368, 00410
01958, 00288, 00310, 00412
01959, 00288, 00313, 00410
01960, 00288, 00354, 00413
01961, 00288, 00313, 00408
01962, 00288, 00350, 00412
01963, 00288, 00345, 00411
01964, 00288, 00330, 00416
01965, 00288, 00323, 00418
01966, 00288, 00348, 00406
01967, 00288, 00308, 00404
01968, 00288, 00331, 00404
01969, 00288, 00316, 00412
01970, 00288, 00316, 00404
01971, 00288, 00329, 00412
01972, 00288, 00352, 00416
01973, 00288, 00328, 00409
01974, 00288, 00327, 00409
01975, 00288, 00322, 00406
01976, 00288, 00358, 00414
01977, 00288, 00354, 00412
01978, 00288, 00338, 00416
01979, 00288, 00348, 00412
01980, 00288, 00328, 00410
01981, 00288, 00333, 00408
01982, 00288, 00336, 00409
01983, 00288, 00306, 00419
01984, 00288, 00313, 00409
01985, 00288, 00323, 00411
01986, 00288, 00338, 00413
01987, 00288, 00308, 00414
01988, 00288, 00338, 00411
01989, 00288, 00306, 00408
01990, 00288, 00335, 00413
01991, 00288, 00300, 00410
01992, 00288, 00362, 00414
01993, 00288, 00367, 00411
01994, 00288, 00316, 00418
01995, 00288, 00323, 00409
01996, 00288, 00340, 00403
01997, 00288, 00331, 00407
01998, 00288, 00370, 00408
01999, 00288, 00361, 00410
02000, 00288, 00321, 00411
02001, 00288, 00328, 00417
02002, 00288, 00353, 00407
02003, 00288, 00369, 00404
02004, 00288, 00312, 00406
02005, 00288, 00341, 00413
02006, 00288, 00315, 00415
02007, 00288, 00304, 00410
02008, 00288, 00321, 00417
02009, 00288, 00338, 00410
02010, 00288, 00358, 00408
02011, 00288, 00320, 00407
02012, 00288, 00345, 00414
02013, 00288, 00296, 00415
02014, 00288, 00363, 00413
02015, 00288, 00295, 00415
02016, 00288, 00343, 00408
02017, 00288, 00311, 00410
02018, 00288, 00343, 00409
02019, 00288, 00327, 00413
02020, 00288, 00332, 00412
02021, 00288, 00323, 00411
02022, 00288, 00334, 00417
02023, 00288, 00315, 00417
02024, 00288, 00327, 00414
02025, 00288, 00345, 00401
02026, 00288, 00368, 00406
02027, 00288, 00333, 00408
02028, 00288, 00345, 00408
02029, 00288, 00315, 00416
02030, 00288, 00320, 00410
02031, 00288, 00368, 00409
02032, 00288, 00334, 00405
02033, 00288, 00314, 00407
02034, 00288, 00308, 00413
02035, 00288, 00347, 00409
02036, 00288, 00335, 00416
02037, 00288, 00322, 00416
02038, 00288, 00303, 00413
02039, 00288, 00332, 00402
02040, 00288, 00338, 00405
02041, 00288, 00310, 00413
02042, 00288, 00341, 00413
02043, 00288, 00298, 00422
02044, 00288, 00330, 00410
02045, 00288, 00345, 00409
02046, 00288, 00365, 00408
02047, 00288, 00335, 00410
02048, 00288, 00313, 00414
02049, 00288, 00322, 00410
02050, 00288, 00338, 00413
02051, 00288, 00350, 00416
02052, 00288, 00323, 00417
02053, 00288, 00360, 00409
02054, 00288, 00318, 00408
02055, 00288, 00333, 00412
02056, 00288, 00313, 00405
02057, 00288, 00333, 00410
02058, 00288, 00333, 00410
02059, 00288, 00355, 00414
02060, 00288, 00312, 00409
02061, 00288, 00365, 00410
02062, 00288, 00329, 00407
02063, 00288, 00363, 00405
02064, 00288, 00333, 00410
02065, 00288, 00328, 00412
02066, 00288, 00340, 00420
02067, 00288, 00317, 00407
02068, 00288, 00325, 00406
02069, 00288, 00364, 00407
02070, 00288, 00340, 00412
02071, 00288, 00322, 00411
02072, 00288, 00363, 00415
02073, 00288, 00337, 00419
02074, 00288, 00328, 00409
02075, 00288, 00318, 00406
02076, 00288, 00321, 00404
02077, 00288, 00363, 00413
02078, 00288, 00328, 00412
02079, 00288, 00301, 00415
02080, 00288, 00321, 00419
02081, 00288, 00301, 00412
02082, 00288, 00334, 00413
02083, 00288, 00308, 00409
02084, 00288, 00359, 00412
02085, 00288, 00328, 00405
02086, 00288, 00358, 00408
02087, 00288, 00306, 00413
02088, 00288, 00338, 00411
02089, 00288, 00310, 00412
02090, 00288, 00346, 00405
02091, 00288, 00338, 00413
02092, 00288, 00323, 00407
02093, 00288, 00312, 00409
02094, 00288, 00308, 00415
02095, 00288, 00361, 00413
02096, 00288, 00308, 00411
02097, 00288, 00365, 00407
02098, 00288, 00328, 00411
02099, 00288, 00318, 00405
02100, 00288, 00358, 00411
02101, 00288, 00353, 00416
02102, 00288, 00361, 00417
02103, 00288, 00318, 00410
02104, 00288, 00333, 00401
02105, 00288, 00316, 00407
02106, 00288, 00366, 00412
02107, 00288, 00353, 00412
02108, 00288, 00339, 00415
02109, 00288, 00321, 00416
02110, 00288, 00351, 00415
02111, 00288, 00351, 00408
02112, 00288, 00336, 00412
02113, 00288, 00313, 00407
02114, 00288, 00365, 00410
02115, 00288, 00307, 00411
02116, 00288, 00306, 00413
02117, 00288, 00331, 00411
02118, 00288, 00371, 00407
02119, 00288, 00325, 00409
02120, 00288, 00326, 00412
02121, 00288, 00311, 00413
02122, 00288, 00312, 00407
02123, 00288, 00325, 00412
02124, 00288, 00349, 00413
02125, 00288, 00366, 00410
02126, 00288, 00329, 00413
02127, 00288, 00368, 00409
02128, 00288, 00321, 00409
02129, 00288, 00331, 00408
02130, 00288, 00358, 00416
02131, 00288, 00313, 00417
02132, 00288, 00332, 00409
02133, 00288, 00343, 00408
02134, 00288, 00309, 00408
02135, 00288, 00350, 00412
02136, 00288, 00343, 00407
02137, 00288, 00330, 00414
02138, 00288, 00308, 00418
02139, 00288, 00348, 00410
02140, 00288, 00358, 00406
02141, 00288, 00363, 00409
02142, 00288, 00353, 00414
02143, 00288, 00315, 00409
02144, 00288, 00353, 00412
02145, 00288, 00317, 00411
02146, 00288, 00306, 00409
02147, 00288, 00316, 00405
02148, 00288, 00340, 00408
02149, 00288, 00320, 00416
02150, 00288, 00368, 00408
02151, 00288, 00317, 00410
02152, 00288, 00336, 00415
02153, 00288, 00329, 00413
02154, 00288, 00323, 00409
02155, 00288, 00328, 00407
02156, 00288, 00312, 00412
02157, 00288, 00323, 00408
02158, 00288, 00323, 00413
02159, 00288, 00326, 00414
02160, 00288, 00303, 00416
02161, 00288, 00331, 00411
02162, 00288, 00315, 00405
02163, 00288, 00328, 00410
02164, 00288, 00360, 00407
02165, 00288, 00373, 00411
02166, 00288, 00307, 00416
02167, 00288, 00310, 00418
02168, 00288, 00330, 00407
02169, 00288, 00343, 00406
02170, 00288, 00329, 00411
02171, 00288, 00314, 00411
02172, 00288, 00312, 00412
02173, 00288, 00338, 00409
02174, 00288, 00328, 00415
02175, 00288, 00324, 00407
02176, 00288, 00361, 00404
02177, 00288, 00321, 00406
02178, 00288, 00321, 00411
02179, 00288, 00332, 00411
02180, 00288, 00358, 00412
02181, 00288, 00298, 00417
02182, 00288, 00318, 00406
02183, 00288, 00358, 00407
02184, 00288, 00370, 00410
02185, 00288, 00307, 00412
02186, 00288, 00335, 00411
02187, 00288, 00310, 00408
02188, 00288, 00324, 00416
02189, 00288, 00326, 00416
02190, 00288, 00322, 00414
02191, 00288, 00310, 00406
02192, 00288, 00356, 00407
02193, 00288, 00311, 00407
02194, 00288, 00303, 00410
02195, 00288, 00331, 00419
02196, 00288, 00330, 00413
02197, 00288, 00305, 00413
02198, 00288, 00333, 00408
02199, 00288, 00315, 00412
02200, 00288, 00325, 00411
02201, 00288, 00371, 00408
02202, 00288, 00328, 00415
02203, 00288, 00313, 00412
02204, 00288, 00311, 00409
02205, 00288, 00351, 00399
02206, 00288, 00338, 00404
02207, 00288, 00360, 00410
02208, 00288, 00321, 00410
02209, 00288, 00350, 00418
02210, 00288, 00326, 00411
02211, 00288, 00333, 00407
02212, 00288, 00321, 00405
02213, 00288, 00339, 00409
02214, 00288, 00350, 00412
02215, 00288, 00327, 00407
02216, 00288, 00308, 00413
02217, 00288, 00355, 00412
02218, 00288, 00341, 00412
02219, 00288, 00371, 00408
02220, 00288, 00333, 00409
02221, 00288, 00328, 00413
02222, 00288, 00326, 00405
02223, 00288, 00341, 00410
02224, 00288, 00308, 00414
02225, 00288, 00358, 00416
02226, 00288, 00324, 00412
02227, 00288, 00357, 00414
02228, 00288, 00323, 00409
02229, 00288, 00313, 00408
02230, 00288, 00333, 00413
02231, 00288, 00321, 00414
02232, 00288, 00312, 00417
02233, 00288, 00334, 00406
02234, 00288, 00311, 00405
02235, 00288, 00334, 00409
02236, 00288, 00331, 00410
02237, 00288, 00335, 00410
02238, 00288, 00353, 00414
02239, 00288, 00312, 00416
02240, 00288, 00352, 00406
02241, 00288, 00356, 00405
02242, 00288, 00316, 00405
02243, 00288, 00307, 00410
02244, 00288, 00321, 00409
02245, 00288, 00335, 00414
02246, 00288, 00345, 00416
02247, 00288, 00328, 00408
02248, 00288, 00310, 00408
02249, 00288, 00343, 00412
02250, 00288, 00325, 00414
02251, 00288, 00333, 00408
02252, 00288, 00328, 00407
02253, 00288, 00310, 00413
02254, 00288, 00320, 00412
02255, 00288, 00334, 00413
02256, 00288, 00310, 00406
02257, 00288, 00325, 00415
02258, 00288, 00310, 00410
02259, 00288, 00328, 00411
02260, 00288, 00348, 00415
02261, 00288, 00317, 00411
02262, 00288, 00361, 00411
02263, 00288, 00318, 00408
02264, 00288, 00311, 00411
02265, 00288, 00318, 00402
02266, 00288, 00367, 00408
02267, 00288, 00306, 00414
02268, 00288, 00331, 00415
02269, 00288, 00356, 00411
02270, 00288, 00341, 00403
02271, 00288, 00355, 00408
02272, 00288, 00333, 00409
02273, 00288, 00358, 00411
02274, 00288, 00338, 00411
02275, 00288, 00338, 00413
02276, 00288, 00328, 00409
02277, 00288, 00343, 00407
02278, 00288, 00303, 00412
02279, 00288, 00366, 00409
02280, 00288, 00313, 00408
02281, 00288, 00337, 00411
02282, 00288, 00308, 00415
02283, 00288, 00348, 00414
02284, 00288, 00331, 00406
02285, 00288, 00336, 00409
02286, 00288, 00327, 00416
02287, 00288, 00356, 00413
02288, 00288, 00330, 00412
02289, 00288, 00316, 00414
02290, 00288, 00350, 00411
02291, 00288, 00373, 00407
02292, 00288, 00308, 00411
02293, 00288, 00338, 00408
02294, 00288, 00363, 00408
02295, 00288, 00336, 00409
02296, 00288, 00335, 00414
02297, 00288, 00348, 00415
02298, 00288, 00316, 00409
02299, 00288, 00335, 00410
02300, 00288, 00368, 00411
02301, 00288, 00318, 00410
02302, 00288, 00338, 00405
02303, 00288, 00317, 00413
02304, 00288, 00313, 00414
02305, 00288, 00331, 00407
02306, 00288, 00373, 00409
02307, 00288, 00333, 00409
02308, 00288, 00319, 00411
02309, 00288, 00338, 00409
02310, 00288, 00330, 00412
02311, 00288, 00369, 00414
02312, 00288, 00319, 00406
02313, 00288, 00328, 00408
02314, 00288, 00332, 00408
02315, 00288, 00361, 00416
02316, 00288, 00333, 00408
02317, 00288, 00360, 00413
02318, 00288, 00317, 00418
02319, 00288, 00325, 00408
02320, 00288, 00310, 00405
02321, 00288, 00326, 00405
02322, 00288, 00331, 00412
02323, 00288, 00341, 00408
02324, 00288, 00331, 00414
02325, 00288, 00306, 00411
02326, 00288, 00330, 00411
02327, 00288, 00333, 00409
02328, 00288, 00343, 00409
02329, 00288, 00321, 00415
02330, 00288, 00334, 00408
02331, 00288, 00325, 00411
02332, 00288, 00323, 00413
02333, 00288, 00312, 00414
02334, 00288, 00340, 00407
02335, 00288, 00311, 00407
02336, 00288, 00322, 00415
02337, 00288, 00328, 00411
02338, 00288, 00346, 00410
02339, 00288, 00322, 00408
02340, 00288, 00330, 00413
02341, 00288, 00313, 00411
02342, 00288, 00310, 00407
02343, 00288, 00323, 00411
02344, 00288, 00325, 00410
02345, 00288, 00331, 00412
02346, 00288, 00328, 00413
02347, 00288, 00346, 00420
02348, 00288, 00304, 00411
02349, 00288, 00345, 00401
02350, 00288, 00312, 00404
02351, 00288, 00318, 00410
02352, 00288, 00335, 00411
02353, 00288, 00311, 00408
02354, 00288, 00315, 00415
02355, 00288, 00350, 00412
02356, 00288, 00315, 00407
02357, 00288, 00333, 00406
02358, 00288, 00333, 00411
02359, 00288, 00313, 00413
02360, 00288, 00310, 00411
02361, 00288, 00310, 00417
02362, 00288, 00325, 00408
02363, 00288, 00363, 00407
02364, 00288, 00350, 00407
02365, 00288, 00368, 00414
02366, 00288, 00302, 00416
02367, 00288, 00345, 00408
02368, 00288, 00316, 00411
02369, 00288, 00318, 00411
02370, 00288, 00325, 00410
02371, 00288, 00341, 00408
02372, 00288, 00356, 00410
02373, 00288, 00333, 00412
02374, 00288, 00353, 00409
02375, 00288, 00323, 00413
02376, 00288, 00359, 00414
02377, 00288, 00305, 00412
02378, 00288, 00331, 00405
02379, 00288, 00343, 00404
02380, 00288, 00363, 00410
02381, 00288, 00336, 00404
02382, 00288, 00371, 00410
02383, 00288, 00331, 00415
02384, 00288, 00310, 00413
02385, 00288, 00366, 00410
02386, 00288, 00338, 00405
02387, 00288, 00333, 00412
02388, 00288, 00329, 00409
02389, 00288, 00310, 00415
02390, 00288, 00320, 00414
02391, 00288, 00336, 00414
02392, 00288, 00338, 00408
02393, 00288, 00368, 00404
02394, 00288, 00313, 00412
02395, 00288, 00318, 00410
02396, 00288, 00326, 00418
02397, 00288, 00328, 00412
02398, 00288, 00321, 00411
02399, 00288, 00339, 00403
02400, 00288, 00330, 00407
02401, 00288, 00366, 00412
02402, 00288, 00363, 00412
02403, 00288, 00351, 00413
02404, 00288, 00338, 00411
02405, 00288, 00303, 00414
02406, 00288, 00336, 00411
02407, 00288, 00313, 00407
02408, 00288, 00344, 00407
02409, 00288, 00325, 00408
02410, 00288, 00341, 00408
02411, 00288, 00311, 00409
02412, 00288, 00320, 00414
02413, 00288, 00366, 00407
02414, 00288, 00366, 00406
02415, 00288, 00335, 00410
02416, 00288, 00312, 00409
02417, 00288, 00360, 00409
02418, 00288, 00333, 00410
02419, 00288, 00320, 00415
02420, 00288, 00312, 00413
02421, 00288, 00340, 00412
02422, 00288, 00333, 00404
02423, 00288, 00360, 00407
02424, 00288, 00310, 00411
02425, 00288, 00358, 00413
02426, 00288, 00336, 00420
02427, 00288, 00336, 00408
02428, 00288, 00313, 00407
02429, 00288, 00340, 00405
02430, 00288, 00316, 00409
02431, 00288, 00326, 00410
02432, 00288, 00350, 00411
02433, 00288, 00315, 00419
02434, 00288, 00357, 00413
02435, 00288, 00350, 00410
02436, 00288, 00323, 00404
02437, 00288, 00343, 00405
02438, 00288, 00343, 00408
02439, 00288, 00348, 00408
02440, 00288, 00324, 00415
02441, 00288, 00321, 00411
02442, 00288, 00353, 00406
02443, 00288, 00326, 00404
02444, 00288, 00318, 00408
02445, 00288, 00320, 00412
02446, 00288, 00310, 00408
02447, 00288, 00328, 00413
02448, 00288, 00338, 00413
02449, 00288, 00328, 00412
02450, 00288, 00340, 00406
02451, 00288, 00368, 00407
02452, 00288, 00361, 00412
02453, 00288, 00308, 00410
02454, 00288, 00307, 00413
02455, 00288, 00298, 00415
02456, 00288, 00331, 00414
02457, 00288, 00335, 00408
02458, 00288, 00311, 00409
02459, 00288, 00351, 00410
02460, 00288, 00365, 00407
02461, 00288, 00306, 00412
02462, 00288, 00343, 00416
02463, 00288, 00319, 00421
02464, 00288, 00346, 00408
02465, 00288, 00359, 00407
02466, 00288, 00338, 00410
02467, 00288, 00359, 00409
02468, 00288, 00374, 00408
02469, 00288, 00313, 00412
02470, 00288, 00303, 00413
02471, 00288, 00365, 00406
02472, 00288, 00310, 00404
02473, 00288, 00323, 00405
02474, 00288, 00326, 00411
02475, 00288, 00321, 00408
02476, 00288, 00330, 00411
02477, 00288, 00311, 00414
02478, 00288, 00325, 00406
02479, 00288, 00374, 00407
02480, 00288, 00315, 00408
02481, 00288, 00361, 00414
02482, 00288, 00333, 00409
02483, 00288, 00323, 00411
02484, 00288, 00323, 00417
02485, 00288, 00325, 00411
02486, 00288, 00315, 00411
02487, 00288, 00343, 00404
02488, 00288, 00325, 00412
02489, 00288, 00326, 00407
02490, 00288, 00328, 00412
02491, 00288, 00303, 00416
02492, 00288, 00315, 00416
02493, 00288, 00332, 00413
02494, 00288, 00363, 00408
02495, 00288, 00343, 00412
02496, 00288, 00376, 00406
02497, 00288, 00318, 00408
02498, 00288, 00312, 00416
02499, 00288, 00351, 00413
02500, 00288, 00313, 00408
02501, 00288, 00333, 00402
02502, 00288, 00370, 00409
02503, 00288, 00364, 00410
02504, 00288, 00311, 00411
02505, 00288, 00360, 00412
02506, 00288, 00321, 00410
02507, 00288, 00338, 00407
02508, 00288, 00328, 00403
02509, 00288, 00363, 00409
02510, 00288, 00367, 00410
02511, 00288, 00342, 00408
02512, 00288, 00330, 00414
02513, 00288, 00311, 00414
02514, 00288, 00328, 00412
02515, 00288, 00336, 00404
02516, 00288, 00368, 00408
02517, 00288, 00328, 00411
02518, 00288, 00310, 00411
02519, 00288, 00328, 00410
02520, 00288, 00360, 00412
02521, 00288, 00348, 00414
02522, 00288, 00340, 00411
02523, 00288, 00325, 00412
02524, 00288, 00358, 00411
02525, 00288, 00327, 00408
02526, 00288, 00337, 00407
02527, 00288, 00334, 00415
02528, 00288, 00335, 00413
02529, 00288, 00338, 00407
02530, 00288, 00321, 00408
02531, 00288, 00333, 00409
02532, 00288, 00307, 00407
02533, 00288, 00373, 00408
02534, 00288, 00358, 00413
02535, 00288, 00312, 00414
02536, 00288, 00337, 00406
02537, 00288, 00310, 00408
02538, 00288, 00365, 00406
02539, 00288, 00318, 00410
02540, 00288, 00329, 00409
02541, 00288, 00350, 00416
02542, 00288, 00357, 00414
02543, 00288, 00303, 00407
02544, 00288, 00325, 00405
02545, 00288, 00365, 00407
02546, 00288, 00351, 00413
02547, 00288, 00360, 00406
02548, 00288, 00361, 00413
02549, 00288, 00325, 00414
02550, 00288, 00309, 00411
02551, 00288, 00323, 00410
02552, 00288, 00372, 00408
02553, 00288, 00329, 00416
02554, 00288, 00340, 00409
02555, 00288, 00318, 00413
02556, 00288, 00342, 00410
02557, 00288, 00330, 00411
02558, 00288, 00348, 00408
02559, 00288, 00316, 00406
02560, 00288, 00333, 00414
02561, 00288, 00338, 00406
02562, 00288, 00330, 00410
02563, 00288, 00340, 00414
02564, 00288, 00322, 00414
02565, 00288, 00341, 00409
02566, 00288, 00331, 00406
02567, 00288, 00340, 00411
02568, 00288, 00310, 00407
02569, 00288, 00333, 00411
02570, 00288, 00334, 00410
02571, 00288, 00317, 00415
02572, 00288, 00330, 00412
02573, 00288, 00313, 00407
02574, 00288, 00330, 00409
02575, 00288, 00357, 00407
02576, 00288, 00374, 00410
02577, 00288, 00305, 00411
02578, 00288, 00330, 00418
02579, 00288, 00325, 00409
02580, 00288, 00313, 00406
02581, 00288, 00338, 00410
02582, 00288, 00335, 00414
02583, 00288, 00329, 00415
02584, 00288, 00343, 00407
02585, 00288, 00301, 00412
02586, 00288, 00311, 00412
02587, 00288, 00363, 00408
02588, 00288, 00321, 00408
02589, 00288, 00308, 00409
02590, 00288, 00333, 00410
02591, 00288, 00358, 00411
02592, 00288, 00323, 00417
02593, 00288, 00328, 00412
02594, 00288, 00320, 00408
02595, 00288, 00305, 00409
02596, 00288, 00308, 00411
02597, 00288, 00314, 00409
02598, 00288, 00311, 00408
02599, 00288, 00337, 00415
02600, 00288, 00320, 00414
02601, 00288, 00331, 00413
02602, 00288, 00325, 00409
02603, 00288, 00340, 00408
02604, 00288, 00305, 00408
02605, 00288, 00331, 00408
02606, 00288, 00366, 00416
02607, 00288, 00327, 00413
02608, 00288, 00336, 00411
02609, 00288, 00313, 00405
02610, 00288, 00333, 00409
02611, 00288, 00353, 00411
02612, 00288, 00333, 00409
02613, 00288, 00328, 00415
02614, 00288, 00318, 00413
02615, 00288, 00321, 00409
02616, 00288, 00370, 00401
02617, 00288, 00316, 00404
02618, 00288, 00336, 00410
02619, 00288, 00320, 00410
02620, 00288, 00300, 00418
02621, 00288, 00336, 00413
02622, 00288, 00316, 00410
02623, 00288, 00331, 00409
02624, 00288, 00338, 00409
02625, 00288, 00332, 00412
02626, 00288, 00313, 00407
02627, 00288, 00330, 00410
02628, 00288, 00316, 00413
02629, 00288, 00363, 00412
02630, 00288, 00330, 00408
02631, 00288, 00338, 00411
02632, 00288, 00332, 00415
02633, 00288, 00333, 00406
02634, 00288, 00316, 00408
02635, 00288, 00334, 00411
02636, 00288, 00333, 00416
02637, 00288, 00358, 00412
02638, 00288, 00325, 00411
02639, 00288, 00361, 00408
02640, 00288, 00361, 00410
02641, 00288, 00363, 00409
02642, 00288, 00330, 00415
02643, 00288, 00310, 00418
02644, 00288, 00332, 00405
02645, 00288, 00330, 00404
02646, 00288, 00368, 00406
02647, 00288, 00330, 00411
02648, 00288, 00321, 00408
02649, 00288, 00341, 00412
02650, 00288, 00345, 00418
02651, 00288, 00332, 00411
02652, 00288, 00303, 00407
02653, 00288, 00373, 00403
02654, 00288, 00308, 00411
02655, 00288, 00318, 00411
02656, 00288, 00315, 00413
02657, 00288, 00315, 00418
02658, 00288, 00313, 00407
02659, 00288, 00368, 00408
02660, 00288, 00368, 00410
02661, 00288, 00323, 00417
02662, 00288, 00346, 00409
02663, 00288, 00306, 00407
02664, 00288, 00316, 00412
02665, 00288, 00314, 00412
02666, 00288, 00331, 00413
02667, 00288, 00316, 00407
02668, 00288, 00316, 00413
02669, 00288, 00330, 00409
02670, 00288, 00338, 00408
02671, 00288, 00328, 00415
02672, 00288, 00315, 00412
02673, 00288, 00326, 00410
02674, 00288, 00346, 00406
02675, 00288, 00355, 00409
02676, 00288, 00334, 00403
02677, 00288, 00343, 00404
02678, 00288, 00310, 00411
02679, 00288, 00358, 00415
02680, 00288, 00322, 00416
02681, 00288, 00373, 00404
02682, 00288, 00360, 00406
02683, 00288, 00313, 00409
02684, 00288, 00345, 00410
02685, 00288, 00330, 00413
02686, 00288, 00363, 00415
02687, 00288, 00321, 00413
02688, 00288, 00320, 00407
02689, 00288, 00325, 00409
02690, 00288, 00354, 00411
02691, 00288, 00362, 00411
02692, 00288, 00335, 00411
02693, 00288, 00323, 00414
02694, 00288, 00307, 00413
02695, 00288, 00336, 00406
02696, 00288, 00338, 00409
02697, 00288, 00313, 00414
02698, 00288, 00323, 00414
02699, 00288, 00365, 00411
02700, 00288, 00323, 00411
02701, 00288, 00320, 00416
02702, 00288, 00339, 00406
02703, 00288, 00333, 00407
02704, 00288, 00319, 00407
02705, 00288, 00342, 00409
02706, 00288, 00365, 00406
02707, 00288, 00313, 00408
02708, 00288, 00333, 00414
02709, 00288, 00366, 00407
02710, 00288, 00360, 00409
02711, 00288, 00334, 00410
02712, 00288, 00358, 00414
02713, 00288, 00333, 00405
02714, 00288, 00328, 00411
02715, 00288, 00306, 00415
02716, 00288, 00312, 00412
02717, 00288, 00358, 00409
02718, 00288, 00322, 00406
02719, 00288, 00353, 00413
02720, 00288, 00329, 00411
02721, 00288, 00323, 00414
02722, 00288, 00338, 00414
02723, 00288, 00330, 00410
02724, 00288, 00312, 00409
02725, 00288, 00328, 00407
02726, 00288, 00348, 00415
02727, 00288, 00363, 00410
02728, 00288, 00335, 00414
02729, 00288, 00334, 00418
02730, 00288, 00303, 00413
02731, 00288, 00356, 00408
02732, 00288, 00345, 00405
02733, 00288, 00331, 00413
02734, 00288, 00314, 00409
02735, 00288, 00363, 00410
02736, 00288, 00333, 00408
02737, 00288, 00321, 00409
02738, 00288, 00361, 00408
02739, 00288, 00341, 00408
02740, 00288, 00328, 00413
02741, 00288, 00330, 00408
02742, 00288, 00356, 00410
02743, 00288, 00331, 00411
02744, 00288, 00320, 00418
02745, 00288, 00363, 00409
02746, 00288, 00363, 00404
02747, 00288, 00340, 00409
02748, 00288, 00313, 00412
02749, 00288, 00318, 00413
02750, 00288, 00332, 00410
02751, 00288, 00304, 00415
02752, 00288, 00359, 00411
02753, 00288, 00332, 00407
02754, 00288, 00361, 00408
02755, 00288, 00308, 00410
02756, 00288, 00335, 00412
02757, 00288, 00352, 00415
02758, 00288, 00349, 00420
02759, 00288, 00354, 00414
02760, 00288, 00361, 00407
02761, 00288, 00331, 00404
02762, 00288, 00316, 00410
02763, 00288, 00363, 00412
02764, 00288, 00343, 00408
02765, 00288, 00310, 00414
02766, 00288, 00313, 00409
02767, 00288, 00364, 00408
02768, 00288, 00370, 00409
02769, 00288, 00367, 00411
02770, 00288, 00308, 00412
02771, 00288, 00337, 00409
02772, 00288, 00319, 00415
02773, 00288, 00358, 00411
02774, 00288, 00338, 00408
02775, 00288, 00366, 00409
02776, 00288, 00328, 00409
02777, 00288, 00319, 00413
02778, 00288, 00338, 00408
02779, 00288, 00315, 00412
02780, 00288, 00317, 00414
02781, 00288, 00323, 00410
02782, 00288, 00318, 00407
02783, 00288, 00363, 00405
02784, 00288, 00328, 00413
02785, 00288, 00322, 00409
02786, 00288, 00335, 00417
02787, 00288, 00326, 00416
02788, 00288, 00331, 00414
02789, 00288, 00328, 00408
02790, 00288, 00341, 00403
02791, 00288, 00333, 00409
02792, 00288, 00338, 00407
02793, 00288, 00320, 00412
02794, 00288, 00306, 00415
02795, 00288, 00308, 00414
02796, 00288, 00338, 00405
02797, 00288, 00335, 00404
02798, 00288, 00311, 00411
02799, 00288, 00321, 00410
02800, 00288, 00329, 00415
02801, 00288, 00308, 00413
02802, 00288, 00347, 00414
02803, 00288, 00370, 00407
02804, 00288, 00333, 00408
02805, 00288, 00333, 00411
02806, 00288, 00320, 00410
02807, 00288, 00305, 00413
02808, 00288, 00328, 00414
02809, 00288, 00341, 00414
02810, 00288, 00316, 00406
02811, 00288, 00348, 00406
02812, 00288, 00329, 00412
02813, 00288, 00318, 00412
02814, 00288, 00365, 00409
02815, 00288, 00323, 00411
02816, 00288, 00323, 00418
02817, 00288, 00301, 00412
02818, 00288, 00311, 00410
02819, 00288, 00333, 00405
02820, 00288, 00368, 00408
02821, 00288, 00335, 00406
02822, 00288, 00364, 00410
02823, 00288, 00334, 00418
02824, 00288, 00360, 00408
02825, 00288, 00368, 00409
02826, 00288, 00335, 00405
02827, 00288, 00336, 00410
02828, 00288, 00313, 00408
02829, 00288, 00368, 00411
02830, 00288, 00320, 00418
02831, 00288, 00342, 00410
02832, 00288, 00326, 00410
02833, 00288, 00337, 00404
02834, 00288, 00330, 00411
02835, 00288, 00345, 00409
02836, 00288, 00321, 00414
02837, 00288, 00343, 00420
02838, 00288, 00321, 00410
02839, 00288, 00320, 00407
02840, 00288, 00340, 00407
02841, 00288, 00324, 00413
02842, 00288, 00318, 00409
02843, 00288, 00356, 00407
02844, 00288, 00320, 00413
02845, 00288, 00315, 00416
02846, 00288, 00311, 00413
02847, 00288, 00343, 00405
02848, 00288, 00361, 00411
02849, 00288, 00358, 00410
02850, 00288, 00336, 00406
02851, 00288, 00313, 00410
02852, 00288, 00305, 00412
02853, 00288, 00355, 00412
02854, 00288, 00366, 00406
02855, 00288, 00341, 00410
02856, 00288, 00358, 00409
02857, 00288, 00339, 00406
02858, 00288, 00356, 00412
02859, 00288, 00313, 00414
02860, 00288, 00338, 00416
02861, 00288, 00375, 00407
02862, 00288, 00356, 00408
02863, 00288, 00309, 00409
02864, 00288, 00313, 00407
02865, 00288, 00338, 00413
02866, 00288, 00334, 00415
02867, 00288, 00323, 00419
02868, 00288, 00321, 00408
02869, 00288, 00353, 00408
02870, 00288, 00333, 00406
02871, 00288, 00335, 00410
02872, 00288, 00368, 00410
02873, 00288, 00344, 00415
02874, 00288, 00320, 00420
02875, 00288, 00328, 00408
02876, 00288, 00336, 00406
02877, 00288, 00335, 00411
02878, 00288, 00324, 00413
02879, 00288, 00367, 00408
02880, 00288, 00327, 00409
