00041, 00041, 00860, 00057
00042, 00042, 00788, 00076
00043, 00043, 00709, 00055
00044, 00044, 00715, 00074
00045, 00045, 00770, 00067
00046, 00046, 00808, 00069
00047, 00047, 00786, 00078
00048, 00048, 00655, 00071
00049, 00049, 00707, 00083
00050, 00050, 00652, 00087
00051, 00051, 00665, 00084
00052, 00052, 00718, 00091
00053, 00053, 00766, 00093
00054, 00054, 00703, 00103
00055, 00055, 00720, 00097
00056, 00056, 00706, 00099
00057, 00057, 00724, 00096
00058, 00058, 00647, 00086
00059, 00059, 00715, 00093
00060, 00060, 00680, 00086
00061, 00061, 00670, 00095
00062, 00062, 00650, 00089
00063, 00063, 00619, 00099
00064, 00064, 00564, 00085
00065, 00065, 00681, 00086
00066, 00066, 00683, 00089
00067, 00067, 00713, 00094
00068, 00068, 00632, 00098
00069, 00069, 00672, 00108
00070, 00070, 00609, 00106
00071, 00071, 00663, 00107
Target, Hit, HitSpeed, StopPos 
00002, 00002, 07934, 65527
00003, 00003, 03634, 00005
00004, 00004, 02377, 00003
00005, 00005, 02084, 00006
00006, 00006, 02023, 00002
00007, 00007, 01852, 00006
00008, 00008, 01693, 00006
00009, 00009, 01485, 00010
00010, 00010, 01525, 00016
00011, 00011, 01390, 00017
00012, 00012, 01392, 00015
00013, 00013, 01340, 00020
00014, 00014, 01306, 00025
00015, 00015, 01222, 00031
00016, 00016, 01282, 00026
00017, 00017, 01232, 00017
00018, 00018, 01232, 00033
00019, 00019, 01027, 00031
00020, 00020, 01002, 00039
00021, 00021, 01026, 00040
00022, 00022, 01146, 00038
00023, 00023, 01062, 00036
00024, 00024, 01096, 00045
00025, 00025, 01025, 00049
00026, 00026, 01024, 00049
00027, 00027, 01041, 00051
00028, 00028, 00956, 00043
00029, 00029, 00932, 00055
00030, 00030, 00925, 00035
00031, 00031, 00963, 00053
00032, 00032, 00964, 00057
00033, 00033, 00904, 00055
00034, 00034, 00930, 00063
00035, 00035, 00879, 00059
00036, 00036, 00871, 00063
00037, 00037, 00905, 00068
00038, 00038, 00758, 00068
00039, 00039, 00863, 00059
00040, 00040, 00893, 00069
00041, 00041, 00823, 00078
00042, 00042, 00810, 00069
00043, 00043, 00714, 00068
00044, 00044, 00796, 00077
00045, 00045, 00797, 00077
00046, 00046, 00697, 00088
00047, 00047, 00816, 00077
00048, 00048, 00750, 00090
00049, 00049, 00725, 00087
00050, 00050, 00699, 00096
00051, 00051, 00766, 00079
00052, 00052, 00732, 00091
00053, 00053, 00708, 00076
00054, 00054, 00640, 00093
00055, 00055, 00700, 00067
00056, 00056, 00700, 00074
00057, 00057, 00695, 00088
00058, 00058, 00687, 00087
00059, 00059, 00689, 00087
00060, 00060, 00704, 00076
00061, 00061, 00681, 00098
00062, 00062, 00684, 00082
00063, 00063, 00708, 00095
00064, 00064, 00681, 00096
00065, 00065, 00652, 00105
00066, 00066, 00571, 00099
00067, 00067, 00579, 00105
00068, 00068, 00660, 00102
00069, 00069, 00636, 00110
00070, 00070, 00579, 00107
00071, 00071, 00541, 00101
00072, 00072, 00636, 00109
00073, 00073, 00533, 00110
00074, 00074, 00606, 00105
00075, 00075, 00634, 00115
00076, 00076, 00603, 00121
00077, 00077, 00595, 00125
00078, 00078, 00641, 00122
00079, 00079, 00517, 00130
00080, 00080, 00610, 00117
00081, 00081, 00656, 00122
00082, 00082, 00512, 00115
00083, 00083, 00542, 00123
00084, 00084, 00562, 00123
00085, 00085, 00527, 00118
00086, 00086, 00580, 00134
00087, 00087, 00624, 00113
00088, 00088, 00514, 00114
00089, 00089, 00604, 00138
00090, 00090, 00606, 00131
00091, 00091, 00564, 00132
00092, 00092, 00571, 00134
00093, 00093, 00577, 00141
00094, 00094, 00535, 00131
00095, 00095, 00498, 00134
00096, 00096, 00580, 00135
00097, 00097, 00572, 00142
00098, 00098, 00584, 00134
00099, 00099, 00553, 00150
00100, 00100, 00451, 00137
00101, 00101, 00565, 00146
00102, 00102, 00591, 00142
00103, 00103, 00470, 00158
00104, 00104, 00553, 00133
00105, 00105, 00600, 00147
00106, 00106, 00576, 00160
00107, 00107, 00591, 00143
00108, 00108, 00560, 00161
00109, 00109, 00454, 00163
00110, 00110, 00475, 00163
00111, 00111, 00460, 00159
00112, 00112, 00445, 00173
00113, 00113, 00540, 00176
00114, 00114, 00531, 00174
00115, 00115, 00518, 00175
00116, 00116, 00505, 00170
00117, 00117, 00569, 00180
00118, 00118, 00534, 00169
00119, 00119, 00479, 00154
00120, 00120, 00520, 00166
00121, 00121, 00526, 00163
00122, 00122, 00502, 00171
00123, 00123, 00502, 00176
00124, 00124, 00536, 00160
00125, 00125, 00467, 00172
00126, 00126, 00551, 00181
00127, 00127, 00537, 00181
00128, 00128, 00529, 00188
00129, 00129, 00507, 00191
00130, 00130, 00509, 00181
00131, 00131, 00441, 00185
00132, 00132, 00498, 00185
00133, 00133, 00427, 00195
00134, 00134, 00437, 00188
00135, 00135, 00526, 00192
00136, 00136, 00479, 00195
00137, 00137, 00467, 00197
00138, 00138, 00424, 00198
00139, 00139, 00523, 00186
00140, 00140, 00489, 00195
00141, 00141, 00494, 00193
00142, 00142, 00440, 00199
00143, 00143, 00430, 00199
00144, 00144, 00413, 00218
00145, 00145, 00496, 00215
00146, 00146, 00481, 00210
00147, 00147, 00462, 00214
00148, 00148, 00500, 00213
00149, 00149, 00476, 00204
00150, 00150, 00424, 00215
00151, 00151, 00407, 00222
00152, 00152, 00513, 00202
00153, 00153, 00490, 00197
00154, 00154, 00422, 00202
00155, 00155, 00469, 00219
00156, 00156, 00484, 00216
00157, 00157, 00407, 00227
00158, 00158, 00402, 00236
00159, 00159, 00495, 00222
00160, 00160, 00392, 00228
00161, 00161, 00508, 00237
00162, 00162, 00483, 00227
00163, 00163, 00473, 00233
00164, 00164, 00474, 00230
00165, 00165, 00402, 00238
00166, 00166, 00486, 00215
00167, 00167, 00471, 00226
00168, 00168, 00435, 00241
00169, 00169, 00389, 00242
00170, 00170, 00470, 00239
00171, 00171, 00440, 00255
00172, 00172, 00452, 00255
00173, 00173, 00471, 00233
00174, 00174, 00495, 00234
00175, 00175, 00392, 00244
00176, 00176, 00491, 00233
00177, 00177, 00463, 00253
00178, 00178, 00480, 00247
00179, 00179, 00485, 00245
00180, 00180, 00471, 00246
00181, 00181, 00447, 00255
00182, 00182, 00455, 00253
00183, 00183, 00372, 00263
00184, 00184, 00370, 00261
00185, 00185, 00422, 00258
00186, 00186, 00462, 00271
00187, 00187, 00468, 00265
00188, 00188, 00450, 00274
00189, 00189, 00447, 00247
00190, 00190, 00432, 00267
00191, 00191, 00442, 00264
00192, 00192, 00450, 00272
00193, 00193, 00364, 00287
00194, 00194, 00356, 00277
00195, 00195, 00427, 00272
00196, 00196, 00434, 00268
00197, 00197, 00365, 00271
00198, 00198, 00367, 00278
00199, 00199, 00438, 00280
00200, 00200, 00379, 00270
00201, 00201, 00441, 00285
00202, 00202, 00463, 00277
00203, 00203, 00425, 00281
00204, 00204, 00453, 00283
00205, 00205, 00453, 00280
00206, 00206, 00400, 00282
00207, 00207, 00455, 00275
00208, 00208, 00448, 00298
00209, 00209, 00354, 00294
00210, 00210, 00438, 00287
00211, 00211, 00431, 00291
00212, 00212, 00428, 00296
00213, 00213, 00353, 00305
00214, 00214, 00410, 00306
00215, 00215, 00435, 00311
00216, 00216, 00431, 00308
00217, 00217, 00412, 00287
00218, 00218, 00394, 00310
00219, 00219, 00434, 00289
00220, 00220, 00450, 00290
00221, 00221, 00426, 00295
00222, 00222, 00413, 00311
00223, 00223, 00411, 00314
00224, 00224, 00428, 00316
00225, 00225, 00407, 00317
00226, 00226, 00342, 00304
00227, 00227, 00428, 00327
00228, 00228, 00418, 00310
00229, 00229, 00357, 00309
00230, 00230, 00405, 00314
00231, 00231, 00425, 00319
00232, 00232, 00433, 00324
00233, 00233, 00395, 00328
00234, 00234, 00407, 00322
00235, 00235, 00383, 00330
00236, 00236, 00409, 00329
00237, 00237, 00413, 00316
00238, 00238, 00347, 00313
00239, 00239, 00415, 00331
00240, 00240, 00398, 00328
00241, 00241, 00408, 00337
00242, 00242, 00406, 00331
00243, 00243, 00426, 00334
00244, 00244, 00345, 00333
00245, 00245, 00375, 00347
00246, 00246, 00382, 00330
00247, 00247, 00425, 00343
00248, 00248, 00432, 00334
00249, 00249, 00337, 00352
00250, 00250, 00426, 00355
00251, 00251, 00415, 00351
00252, 00252, 00406, 00363
00253, 00253, 00407, 00355
00254, 00254, 00415, 00338
00255, 00255, 00347, 00339
00256, 00256, 00341, 00347
00257, 00257, 00334, 00352
00258, 00258, 00408, 00361
00259, 00259, 00403, 00341
00260, 00260, 00410, 00361
00261, 00261, 00396, 00361
00262, 00262, 00410, 00363
00263, 00263, 00421, 00354
00264, 00264, 00344, 00355
00265, 00265, 00337, 00356
00266, 00266, 00395, 00376
00267, 00267, 00366, 00367
00268, 00268, 00354, 00376
00269, 00269, 00392, 00370
00270, 00270, 00375, 00365
00271, 00271, 00337, 00353
00272, 00272, 00377, 00359
00273, 00273, 00357, 00373
00274, 00274, 00315, 00372
00275, 00275, 00408, 00375
00276, 00276, 00400, 00376
00277, 00277, 00354, 00387
00278, 00278, 00375, 00381
00279, 00279, 00329, 00373
00280, 00280, 00387, 00373
00281, 00281, 00325, 00379
00282, 00282, 00314, 00378
00283, 00283, 00384, 00391
00284, 00284, 00370, 00390
00285, 00285, 00362, 00388
00286, 00286, 00406, 00376
00287, 00287, 00322, 00387
00288, 00288, 00310, 00391
00289, 00289, 00309, 00395
00290, 00290, 00323, 00393
00291, 00291, 00368, 00390
00292, 00292, 00383, 00407
00293, 00293, 00398, 00388
00294, 00294, 00379, 00391
00295, 00295, 00355, 00397
00296, 00296, 00310, 00405
00297, 00297, 00370, 00411
00298, 00298, 00357, 00410
00299, 00299, 00391, 00417
00300, 00300, 00391, 00403
00301, 00301, 00393, 00397
00302, 00302, 00403, 00391
00303, 00303, 00401, 00409
00304, 00304, 00366, 00410
00305, 00305, 00362, 00417
00306, 00306, 00302, 00421
00307, 00307, 00363, 00405
00308, 00308, 00309, 00414
00309, 00309, 00380, 00411
00310, 00310, 00373, 00423
00311, 00311, 00381, 00422
00312, 00312, 00344, 00426
00313, 00313, 00374, 00440
00314, 00314, 00352, 00414
00315, 00315, 00399, 00418
00316, 00316, 00306, 00424
00317, 00317, 00378, 00424
00318, 00318, 00369, 00418
00319, 00319, 00366, 00435
00320, 00320, 00388, 00431
00321, 00321, 00388, 00424
00322, 00322, 00355, 00424
00323, 00323, 00367, 00427
00324, 00324, 00378, 00437
00325, 00325, 00381, 00437
00326, 00326, 00361, 00442
00327, 00327, 00333, 00443
00328, 00328, 00357, 00432
00329, 00329, 00378, 00433
00330, 00330, 00381, 00444
00331, 00331, 00339, 00438
00332, 00332, 00371, 00457
00333, 00333, 00356, 00451
00334, 00334, 00368, 00437
00335, 00335, 00383, 00439
00336, 00336, 00383, 00453
00337, 00337, 00375, 00451
00338, 00338, 00374, 00453
00339, 00339, 00363, 00466
00340, 00340, 00272, 00454
00341, 00341, 00375, 00444
00342, 00342, 00307, 00447
00343, 00343, 00297, 00460
00344, 00344, 00375, 00459
00345, 00345, 00374, 00454
00346, 00346, 00273, 00463
00347, 00347, 00297, 00459
00348, 00348, 00292, 00462
00349, 00349, 00370, 00470
00350, 00350, 00339, 00465
00351, 00351, 00277, 00471
00352, 00352, 00264, 00491
00353, 00353, 00282, 00463
00354, 00354, 00288, 00449
00355, 00355, 00342, 00472
00356, 00356, 00355, 00479
00357, 00357, 00361, 00480
00358, 00358, 00269, 00497
00359, 00359, 00345, 00467
00360, 00360, 00337, 00469
00361, 00361, 00284, 00473
00362, 00362, 00330, 00492
00363, 00363, 00282, 00488
00364, 00364, 00351, 00505
00365, 00365, 00356, 00493
00366, 00366, 00365, 00479
00367, 00367, 00375, 00484
00368, 00368, 00337, 00484
00369, 00369, 00366, 00484
00370, 00370, 00279, 00481
00371, 00371, 00330, 00479
00372, 00372, 00344, 00487
00373, 00373, 00337, 00495
00374, 00374, 00342, 00492
00375, 00375, 00354, 00513
00376, 00376, 00343, 00508
00377, 00377, 00321, 00499
00378, 00378, 00338, 00491
00379, 00379, 00332, 00505
00380, 00380, 00285, 00499
00381, 00381, 00269, 00509
00382, 00382, 00324, 00507
00383, 00383, 00342, 00500
00384, 00384, 00353, 00503
00385, 00385, 00353, 00507
00386, 00386, 00338, 00518
00387, 00387, 00324, 00518
00388, 00388, 00346, 00516
00389, 00389, 00322, 00506
00390, 00390, 00363, 00513
00391, 00391, 00355, 00508
00392, 00392, 00275, 00515
00393, 00393, 00255, 00524
00394, 00394, 00365, 00509
00395, 00395, 00356, 00510
00396, 00396, 00317, 00533
00397, 00397, 00270, 00518
00398, 00398, 00360, 00532
00399, 00399, 00267, 00522
00400, 00400, 00335, 00517
00401, 00401, 00365, 00526
00402, 00402, 00262, 00526
00403, 00403, 00348, 00532
00404, 00404, 00252, 00517
00405, 00405, 00331, 00523
00406, 00406, 00332, 00530
00407, 00407, 00341, 00538
00408, 00408, 00280, 00534
00409, 00409, 00333, 00548
00410, 00410, 00257, 00538
00411, 00411, 00344, 00536
00412, 00412, 00280, 00540
00413, 00413, 00350, 00530
00414, 00414, 00262, 00534
00415, 00415, 00339, 00538
00416, 00416, 00330, 00537
00417, 00417, 00267, 00543
00418, 00418, 00254, 00546
00419, 00419, 00336, 00552
00420, 00420, 00262, 00563
00421, 00421, 00261, 00550
00422, 00422, 00345, 00546
00423, 00423, 00322, 00557
00424, 00424, 00254, 00557
00425, 00425, 00310, 00553
00426, 00426, 00257, 00546
00427, 00427, 00345, 00549
00428, 00428, 00343, 00566
00429, 00429, 00262, 00556
00430, 00430, 00341, 00565
00431, 00431, 00333, 00554
00432, 00432, 00320, 00553
00433, 00433, 00264, 00562
00434, 00434, 00338, 00564
00435, 00435, 00262, 00571
00436, 00436, 00263, 00563
00437, 00437, 00269, 00567
00438, 00438, 00272, 00568
00439, 00439, 00340, 00580
00440, 00440, 00307, 00577
00441, 00441, 00255, 00573
00442, 00442, 00319, 00564
00443, 00443, 00330, 00577
00444, 00444, 00343, 00575
00445, 00445, 00347, 00581
00446, 00446, 00329, 00576
00447, 00447, 00262, 00574
00448, 00448, 00343, 00586
00449, 00449, 00302, 00591
00450, 00450, 00305, 00582
00451, 00451, 00348, 00589
00452, 00452, 00333, 00593
00453, 00453, 00341, 00609
00454, 00454, 00328, 00586
00455, 00455, 00304, 00589
00456, 00456, 00262, 00582
00457, 00457, 00349, 00579
00458, 00458, 00330, 00599
00459, 00459, 00333, 00596
00460, 00460, 00254, 00592
00461, 00461, 00337, 00601
00462, 00462, 00330, 00596
00463, 00463, 00247, 00610
00464, 00464, 00337, 00599
00465, 00465, 00334, 00602
00466, 00466, 00307, 00593
00467, 00467, 00262, 00594
00468, 00468, 00316, 00598
00469, 00469, 00309, 00609
00470, 00470, 00242, 00611
00471, 00471, 00267, 00596
00472, 00472, 00328, 00626
00473, 00473, 00252, 00610
00474, 00474, 00324, 00598
00475, 00475, 00300, 00608
00476, 00476, 00328, 00598
00477, 00477, 00305, 00620
00478, 00478, 00320, 00619
00479, 00479, 00328, 00618
00480, 00480, 00304, 00612
00481, 00481, 00333, 00618
00482, 00482, 00303, 00630
00483, 00483, 00335, 00623
00484, 00484, 00333, 00627
00485, 00485, 00342, 00623
00486, 00486, 00345, 00608
00487, 00487, 00309, 00631
00488, 00488, 00295, 00630
00489, 00489, 00333, 00629
00490, 00490, 00330, 00627
00491, 00491, 00316, 00643
00492, 00492, 00316, 00645
00493, 00493, 00340, 00628
00494, 00494, 00319, 00624
00495, 00495, 00323, 00635
00496, 00496, 00318, 00641
00497, 00497, 00324, 00637
00498, 00498, 00315, 00641
00499, 00499, 00336, 00636
00500, 00500, 00300, 00657
00501, 00501, 00237, 00649
00502, 00502, 00302, 00652
00503, 00503, 00333, 00645
00504, 00504, 00325, 00651
00505, 00505, 00343, 00642
00506, 00506, 00242, 00649
00507, 00507, 00291, 00639
00508, 00508, 00316, 00638
00509, 00509, 00325, 00665
00510, 00510, 00313, 00672
00511, 00511, 00244, 00662
00512, 00512, 00336, 00643
00513, 00513, 00323, 00655
00514, 00514, 00320, 00659
00515, 00515, 00308, 00666
00516, 00516, 00304, 00639
00517, 00517, 00295, 00659
00518, 00518, 00278, 00676
00519, 00519, 00309, 00668
00520, 00520, 00236, 00662
00521, 00521, 00315, 00661
00522, 00522, 00330, 00667
00523, 00523, 00328, 00660
00524, 00524, 00284, 00671
00525, 00525, 00305, 00671
00526, 00526, 00293, 00673
00527, 00527, 00233, 00687
00528, 00528, 00242, 00687
00529, 00529, 00237, 00667
00530, 00530, 00259, 00673
00531, 00531, 00295, 00672
00532, 00532, 00308, 00687
00533, 00533, 00311, 00675
00534, 00534, 00320, 00669
00535, 00535, 00326, 00693
00536, 00536, 00305, 00688
00537, 00537, 00232, 00692
00538, 00538, 00335, 00673
00539, 00539, 00308, 00686
00540, 00540, 00290, 00692
00541, 00541, 00313, 00690
00542, 00542, 00305, 00680
00543, 00543, 00323, 00681
00544, 00544, 00313, 00714
00545, 00545, 00224, 00704
00546, 00546, 00336, 00676
00547, 00547, 00295, 00683
00548, 00548, 00285, 00703
00549, 00549, 00290, 00710
00550, 00550, 00321, 00694
00551, 00551, 00238, 00701
00552, 00552, 00285, 00718
00553, 00553, 00313, 00720
00554, 00554, 00294, 00686
00555, 00555, 00337, 00702
00556, 00556, 00232, 00708
00557, 00557, 00336, 00718
00558, 00558, 00232, 00703
00559, 00559, 00236, 00703
00560, 00560, 00230, 00716
00561, 00561, 00310, 00739
00562, 00562, 00320, 00705
00563, 00563, 00315, 00706
00564, 00564, 00290, 00708
00565, 00565, 00308, 00725
00566, 00566, 00321, 00722
00567, 00567, 00234, 00707
00568, 00568, 00232, 00716
00569, 00569, 00308, 00730
00570, 00570, 00229, 00722
00571, 00571, 00305, 00722
00572, 00572, 00287, 00731
00573, 00573, 00285, 00729
00574, 00574, 00227, 00726
00575, 00575, 00305, 00728
00576, 00576, 00228, 00740
00577, 00577, 00318, 00751
00578, 00578, 00317, 00732
00579, 00579, 00289, 00731
00580, 00580, 00282, 00738
00581, 00581, 00323, 00753
00582, 00582, 00315, 00730
00583, 00583, 00287, 00729
00584, 00584, 00231, 00755
00585, 00585, 00215, 00758
00586, 00586, 00304, 00745
00587, 00587, 00330, 00746
00588, 00588, 00232, 00746
00589, 00589, 00297, 00746
00590, 00590, 00283, 00734
00591, 00591, 00278, 00736
00592, 00592, 00311, 00746
00593, 00593, 00269, 00763
00594, 00594, 00287, 00733
00595, 00595, 00227, 00745
00596, 00596, 00282, 00752
00597, 00597, 00306, 00753
00598, 00598, 00323, 00744
00599, 00599, 00274, 00750
00600, 00600, 00313, 00763
00601, 00601, 00310, 00768
00602, 00602, 00282, 00751
00603, 00603, 00279, 00758
00604, 00604, 00312, 00775
00605, 00605, 00313, 00757
00606, 00606, 00299, 00772
00607, 00607, 00224, 00770
00608, 00608, 00295, 00781
00609, 00609, 00315, 00753
00610, 00610, 00310, 00764
00611, 00611, 00234, 00762
00612, 00612, 00306, 00772
00613, 00613, 00236, 00770
00614, 00614, 00303, 00778
00615, 00615, 00274, 00775
00616, 00616, 00277, 00776
00617, 00617, 00296, 00778
00618, 00618, 00284, 00790
00619, 00619, 00312, 00776
00620, 00620, 00292, 00774
00621, 00621, 00318, 00779
00622, 00622, 00319, 00791
00623, 00623, 00308, 00789
00624, 00624, 00292, 00788
00625, 00625, 00232, 00792
00626, 00626, 00312, 00783
00627, 00627, 00315, 00774
00628, 00628, 00227, 00782
00629, 00629, 00303, 00794
00630, 00630, 00276, 00800
00631, 00631, 00306, 00791
00632, 00632, 00305, 00803
00633, 00633, 00296, 00801
00634, 00634, 00308, 00800
00635, 00635, 00296, 00784
00636, 00636, 00291, 00801
00637, 00637, 00310, 00795
00638, 00638, 00303, 00812
00639, 00639, 00269, 00810
00640, 00640, 00311, 00791
00641, 00641, 00305, 00814
00642, 00642, 00229, 00785
00643, 00643, 00272, 00811
00644, 00644, 00274, 00804
00645, 00645, 00298, 00800
00646, 00646, 00220, 00816
00647, 00647, 00310, 00813
00648, 00648, 00293, 00820
00649, 00649, 00230, 00806
00650, 00650, 00293, 00817
00651, 00651, 00310, 00810
00652, 00652, 00214, 00819
00653, 00653, 00214, 00826
00654, 00654, 00295, 00821
00655, 00655, 00316, 00817
00656, 00656, 00298, 00822
00657, 00657, 00274, 00824
00658, 00658, 00296, 00836
00659, 00659, 00217, 00832
00660, 00660, 00306, 00827
00661, 00661, 00305, 00836
00662, 00662, 00272, 00832
00663, 00663, 00304, 00814
00664, 00664, 00272, 00844
00665, 00665, 00295, 00839
00666, 00666, 00288, 00840
00667, 00667, 00214, 00842
00668, 00668, 00291, 00834
00669, 00669, 00267, 00839
00670, 00670, 00277, 00816
00671, 00671, 00298, 00835
00672, 00672, 00290, 00828
00673, 00673, 00219, 00841
00674, 00674, 00264, 00842
00675, 00675, 00303, 00849
00676, 00676, 00297, 00854
00677, 00677, 00277, 00837
00678, 00678, 00212, 00846
00679, 00679, 00295, 00844
00680, 00680, 00222, 00852
00681, 00681, 00301, 00862
00682, 00682, 00217, 00835
00683, 00683, 00219, 00843
00684, 00684, 00228, 00843
00685, 00685, 00220, 00856
00686, 00686, 00303, 00858
00687, 00687, 00220, 00852
00688, 00688, 00299, 00867
00689, 00689, 00303, 00860
00690, 00690, 00271, 00857
00691, 00691, 00225, 00863
00692, 00692, 00214, 00861
00693, 00693, 00263, 00863
00694, 00694, 00271, 00871
00695, 00695, 00262, 00874
00696, 00696, 00296, 00863
00697, 00697, 00310, 00850
00698, 00698, 00217, 00869
00699, 00699, 00269, 00863
00700, 00700, 00270, 00870
00701, 00701, 00306, 00873
00702, 00702, 00288, 00884
00703, 00703, 00212, 00870
00704, 00704, 00295, 00879
00705, 00705, 00286, 00881
00706, 00706, 00297, 00883
00707, 00707, 00306, 00871
00708, 00708, 00287, 00885
00709, 00709, 00285, 00892
00710, 00710, 00222, 00874
00711, 00711, 00291, 00879
00712, 00712, 00283, 00879
00713, 00713, 00285, 00883
00714, 00714, 00287, 00898
00715, 00715, 00265, 00906
00716, 00716, 00302, 00893
00717, 00717, 00290, 00892
00718, 00718, 00212, 00894
00719, 00719, 00278, 00907
00720, 00720, 00293, 00880
00721, 00721, 00202, 00904
00722, 00722, 00301, 00904
00723, 00723, 00284, 00876
00724, 00724, 00290, 00891
00725, 00725, 00282, 00897
00726, 00726, 00296, 00893
00727, 00727, 00291, 00901
00728, 00728, 00296, 00908
00729, 00729, 00263, 00905
00730, 00730, 00220, 00907
00731, 00731, 00212, 00914
00732, 00732, 00283, 00910
00733, 00733, 00269, 00904
00734, 00734, 00278, 00923
00735, 00735, 00278, 00922
00736, 00736, 00287, 00899
00737, 00737, 00262, 00917
00738, 00738, 00202, 00930
00739, 00739, 00293, 00905
00740, 00740, 00293, 00919
00741, 00741, 00295, 00930
00742, 00742, 00225, 00900
00743, 00743, 00293, 00922
00744, 00744, 00207, 00919
00745, 00745, 00212, 00924
00746, 00746, 00302, 00925
00747, 00747, 00273, 00940
00748, 00748, 00211, 00922
00749, 00749, 00300, 00916
00750, 00750, 00213, 00926
00751, 00751, 00283, 00930
00752, 00752, 00267, 00931
00753, 00753, 00262, 00940
00754, 00754, 00283, 00936
00755, 00755, 00214, 00927
00756, 00756, 00214, 00937
00757, 00757, 00255, 00935
00758, 00758, 00265, 00935
00759, 00759, 00257, 00941
00760, 00760, 00200, 00934
00761, 00761, 00292, 00926
00762, 00762, 00264, 00933
00763, 00763, 00197, 00954
00764, 00764, 00288, 00934
00765, 00765, 00262, 00955
00766, 00766, 00245, 00961
00767, 00767, 00215, 00939
00768, 00768, 00212, 00941
00769, 00769, 00245, 00964
00770, 00770, 00298, 00947
00771, 00771, 00281, 00959
00772, 00772, 00273, 00980
00773, 00773, 00215, 00946
00774, 00774, 00283, 00935
00775, 00775, 00275, 00964
00776, 00776, 00221, 00950
00777, 00777, 00285, 00964
00778, 00778, 00196, 00977
00779, 00779, 00269, 00938
00780, 00780, 00294, 00972
00781, 00781, 00252, 00975
00782, 00782, 00274, 00960
00783, 00783, 00280, 00967
00784, 00784, 00268, 00979
00785, 00785, 00284, 00964
00786, 00786, 00209, 00964
00787, 00787, 00293, 00966
00788, 00788, 00213, 00963
00789, 00789, 00212, 00968
00790, 00790, 00285, 00993
00791, 00791, 00283, 00970
00792, 00792, 00255, 00987
00793, 00793, 00248, 00982
00794, 00794, 00291, 00973
00795, 00795, 00281, 00981
00796, 00796, 00288, 00998
00797, 00797, 00207, 00989
00798, 00798, 00261, 00975
00799, 00799, 00256, 00978
00800, 00800, 00293, 00986
00801, 00801, 00207, 00988
00802, 00802, 00288, 00984
00803, 00803, 00255, 00991
00804, 00804, 00254, 00990
00805, 00805, 00288, 00983
00806, 00806, 00300, 00990
00807, 00807, 00195, 01001
00808, 00808, 00250, 01007
00809, 00809, 00250, 01011
00810, 00810, 00257, 00987
00811, 00811, 00256, 00985
00812, 00812, 00207, 00999
00813, 00813, 00197, 01007
00814, 00814, 00207, 01002
00815, 00815, 00276, 00990
00816, 00816, 00244, 01021
00817, 00817, 00211, 00985
00818, 00818, 00256, 01017
00819, 00819, 00194, 01016
00820, 00820, 00290, 01016
00821, 00821, 00250, 01011
00822, 00822, 00250, 01002
00823, 00823, 00295, 01005
00824, 00824, 00276, 01013
00825, 00825, 00290, 01007
00826, 00826, 00298, 01012
00827, 00827, 00253, 01018
00828, 00828, 00288, 01022
00829, 00829, 00195, 01018
00830, 00830, 00276, 01021
00831, 00831, 00288, 01019
00832, 00832, 00280, 01037
00833, 00833, 00273, 01025
00834, 00834, 00293, 01011
00835, 00835, 00295, 01024
00836, 00836, 00249, 01035
00837, 00837, 00258, 01034
00838, 00838, 00284, 01025
00839, 00839, 00273, 01033
00840, 00840, 00288, 01030
00841, 00841, 00199, 01032
00842, 00842, 00283, 01032
00843, 00843, 00242, 01044
00844, 00844, 00273, 01034
00845, 00845, 00265, 01028
00846, 00846, 00271, 01042
00847, 00847, 00244, 01046
00848, 00848, 00303, 01031
00849, 00849, 00281, 01046
00850, 00850, 00196, 01043
00851, 00851, 00212, 01033
00852, 00852, 00254, 01052
00853, 00853, 00273, 01053
00854, 00854, 00288, 01053
00855, 00855, 00266, 01049
00856, 00856, 00293, 01035
00857, 00857, 00281, 01040
00858, 00858, 00247, 01049
00859, 00859, 00211, 01039
00860, 00860, 00194, 01056
00861, 00861, 00278, 01052
00862, 00862, 00262, 01059
00863, 00863, 00251, 01052
00864, 00864, 00268, 01058
00865, 00865, 00252, 01062
00866, 00866, 00276, 01080
00867, 00867, 00259, 01051
00868, 00868, 00244, 01061
00869, 00869, 00189, 01072
00870, 00870, 00296, 01059
00871, 00871, 00281, 01078
00872, 00872, 00195, 01058
00873, 00873, 00278, 01070
00874, 00874, 00243, 01057
00875, 00875, 00200, 01073
00876, 00876, 00245, 01081
00877, 00877, 00185, 01075
00878, 00878, 00205, 01062
00879, 00879, 00270, 01061
00880, 00880, 00281, 01084
00881, 00881, 00255, 01078
00882, 00882, 00279, 01086
00883, 00883, 00209, 01066
00884, 00884, 00277, 01081
00885, 00885, 00281, 01081
00886, 00886, 00278, 01071
00887, 00887, 00270, 01096
00888, 00888, 00185, 01093
00889, 00889, 00259, 01073
00890, 00890, 00194, 01078
00891, 00891, 00282, 01096
00892, 00892, 00192, 01087
00893, 00893, 00185, 01106
00894, 00894, 00277, 01072
00895, 00895, 00189, 01087
00896, 00896, 00192, 01084
00897, 00897, 00288, 01093
00898, 00898, 00266, 01107
00899, 00899, 00274, 01096
00900, 00900, 00195, 01094
00901, 00901, 00273, 01106
00902, 00902, 00250, 01103
00903, 00903, 00249, 01115
00904, 00904, 00242, 01108
00905, 00905, 00270, 01108
00906, 00906, 00194, 01111
00907, 00907, 00199, 01101
00908, 00908, 00245, 01109
00909, 00909, 00180, 01118
00910, 00910, 00278, 01101
00911, 00911, 00283, 01097
00912, 00912, 00268, 01116
00913, 00913, 00192, 01111
00914, 00914, 00185, 01129
00915, 00915, 00252, 01098
00916, 00916, 00285, 01104
00917, 00917, 00239, 01122
00918, 00918, 00278, 01120
00919, 00919, 00240, 01139
00920, 00920, 00245, 01118
00921, 00921, 00283, 01108
00922, 00922, 00244, 01124
00923, 00923, 00273, 01123
00924, 00924, 00272, 01136
00925, 00925, 00192, 01126
00926, 00926, 00267, 01121
00927, 00927, 00276, 01129
00928, 00928, 00273, 01125
00929, 00929, 00278, 01134
00930, 00930, 00190, 01140
00931, 00931, 00286, 01129
00932, 00932, 00270, 01136
00933, 00933, 00196, 01131
00934, 00934, 00190, 01120
00935, 00935, 00278, 01142
00936, 00936, 00183, 01135
00937, 00937, 00180, 01149
00938, 00938, 00250, 01141
00939, 00939, 00189, 01134
00940, 00940, 00258, 01159
00941, 00941, 00261, 01135
00942, 00942, 00268, 01139
00943, 00943, 00270, 01145
00944, 00944, 00275, 01146
00945, 00945, 00184, 01150
00946, 00946, 00261, 01155
00947, 00947, 00265, 01166
00948, 00948, 00245, 01140
00949, 00949, 00263, 01155
00950, 00950, 00261, 01161
00951, 00951, 00271, 01157
00952, 00952, 00264, 01162
00953, 00953, 00252, 01153
00954, 00954, 00189, 01170
00955, 00955, 00273, 01155
00956, 00956, 00257, 01167
00957, 00957, 00266, 01169
00958, 00958, 00288, 01153
00959, 00959, 00258, 01160
00960, 00960, 00187, 01176
00961, 00961, 00273, 01162
00962, 00962, 00184, 01170
00963, 00963, 00270, 01163
00964, 00964, 00264, 01170
00965, 00965, 00247, 01168
00966, 00966, 00263, 01180
00967, 00967, 00183, 01164
00968, 00968, 00280, 01177
00969, 00969, 00265, 01176
00970, 00970, 00184, 01173
00971, 00971, 00235, 01180
00972, 00972, 00266, 01170
00973, 00973, 00244, 01179
00974, 00974, 00240, 01189
00975, 00975, 00199, 01171
00976, 00976, 00185, 01187
00977, 00977, 00190, 01184
00978, 00978, 00277, 01184
00979, 00979, 00234, 01191
00980, 00980, 00240, 01192
00981, 00981, 00258, 01198
00982, 00982, 00242, 01174
00983, 00983, 00278, 01190
00984, 00984, 00182, 01193
00985, 00985, 00239, 01198
00986, 00986, 00273, 01179
00987, 00987, 00270, 01191
00988, 00988, 00275, 01190
00989, 00989, 00185, 01196
00990, 00990, 00273, 01216
00991, 00991, 00235, 01202
00992, 00992, 00285, 01193
00993, 00993, 00266, 01196
00994, 00994, 00191, 01204
00995, 00995, 00268, 01210
00996, 00996, 00185, 01198
00997, 00997, 00268, 01206
00998, 00998, 00234, 01207
00999, 00999, 00238, 01205
01000, 01000, 00179, 01214
01001, 01001, 00265, 01209
01002, 01002, 00276, 01200
01003, 01003, 00236, 01221
01004, 01004, 00191, 01205
01005, 01005, 00233, 01208
01006, 01006, 00266, 01209
01007, 01007, 00273, 01220
01008, 01008, 00235, 01219
01009, 01009, 00247, 01215
01010, 01010, 00229, 01218
01011, 01011, 00280, 01211
01012, 01012, 00278, 01214
01013, 01013, 00177, 01232
01014, 01014, 00273, 01226
01015, 01015, 00180, 01231
01016, 01016, 00192, 01229
01017, 01017, 00239, 01236
01018, 01018, 00271, 01214
01019, 01019, 00234, 01240
01020, 01020, 00256, 01225
01021, 01021, 00275, 01210
01022, 01022, 00182, 01244
01023, 01023, 00276, 01231
01024, 01024, 00270, 01247
01025, 01025, 00285, 01220
01026, 01026, 00237, 01242
01027, 01027, 00271, 01237
01028, 01028, 00001, 01238
01029, 01029, 00232, 01253
01030, 01030, 00197, 01225
01031, 01031, 00237, 01236
01032, 01032, 00272, 01232
01033, 01033, 00185, 01254
01034, 01034, 00256, 01244
01035, 01035, 00180, 01244
01036, 01036, 00270, 01250
01037, 01037, 00190, 01253
01038, 01038, 00228, 01264
01039, 01039, 00263, 01257
01040, 01040, 00271, 01249
01041, 01041, 00260, 01248
01042, 01042, 00184, 01260
01043, 01043, 00268, 01270
01044, 01044, 00182, 01255
01045, 01045, 00177, 01268
01046, 01046, 00281, 01260
01047, 01047, 00227, 01273
01048, 01048, 00179, 01259
01049, 01049, 00188, 01257
01050, 01050, 00232, 01266
01051, 01051, 00268, 01264
01052, 01052, 00231, 01269
01053, 01053, 00189, 01261
01054, 01054, 00232, 01277
01055, 01055, 00184, 01261
01056, 01056, 00232, 01268
01057, 01057, 00255, 01286
01058, 01058, 00239, 01272
01059, 01059, 00256, 01273
01060, 01060, 00266, 01277
01061, 01061, 00256, 01285
01062, 01062, 00278, 01281
01063, 01063, 00000, 01297
01064, 01064, 00271, 01279
01065, 01065, 00267, 01283
01066, 01066, 00259, 01290
01067, 01067, 00180, 01278
01068, 01068, 00260, 01279
01069, 01069, 00253, 01290
01070, 01070, 00231, 01288
01071, 01071, 00261, 01286
01072, 01072, 00229, 01291
01073, 01073, 00235, 01293
01074, 01074, 00178, 01285
01075, 01075, 00227, 01297
01076, 01076, 00177, 01294
01077, 01077, 00262, 01288
01078, 01078, 00181, 01298
01079, 01079, 00255, 01295
01080, 01080, 00176, 01300
01081, 01081, 00174, 01312
01082, 01082, 00270, 01294
01083, 01083, 00179, 01311
01084, 01084, 00182, 01313
01085, 01085, 00230, 01291
01086, 01086, 00240, 01295
01087, 01087, 00228, 01299
01088, 01088, 00232, 01304
01089, 01089, 00253, 01304
01090, 01090, 00174, 01308
01091, 01091, 00271, 01317
01092, 01092, 00173, 01319
01093, 01093, 00253, 01326
01094, 01094, 00230, 01312
01095, 01095, 00268, 01309
01096, 01096, 00266, 01311
01097, 01097, 00270, 01316
01098, 01098, 00230, 01318
01099, 01099, 00265, 01317
01100, 01100, 00176, 01325
01101, 01101, 00267, 01318
01102, 01102, 00177, 01332
01103, 01103, 00267, 01330
01104, 01104, 00190, 01313
01105, 01105, 00229, 01335
01106, 01106, 00237, 01321
01107, 01107, 00172, 01319
01108, 01108, 00189, 01307
01109, 01109, 00181, 01325
01110, 01110, 00232, 01327
01111, 01111, 00220, 01347
01112, 01112, 00237, 01324
01113, 01113, 00255, 01322
01114, 01114, 00224, 01339
01115, 01115, 00227, 01338
01116, 01116, 00266, 01342
01117, 01117, 00192, 01326
01118, 01118, 00173, 01342
01119, 01119, 00235, 01342
01120, 01120, 00260, 01347
01121, 01121, 00276, 01325
01122, 01122, 00253, 01340
01123, 01123, 00185, 01344
01124, 01124, 00266, 01345
01125, 01125, 00255, 01334
01126, 01126, 00229, 01345
01127, 01127, 00180, 01352
01128, 01128, 00261, 01347
01129, 01129, 00259, 01361
01130, 01130, 00258, 01342
01131, 01131, 00227, 01360
01132, 01132, 00263, 01349
01133, 01133, 00262, 01361
01134, 01134, 00258, 01345
01135, 01135, 00267, 01367
01136, 01136, 00268, 01362
01137, 01138, 00259, 01374
01138, 01138, 00260, 01352
01139, 01139, 00180, 01349
01140, 01140, 00230, 01368
01141, 01141, 00176, 01371
01142, 01142, 00260, 01368
01143, 01143, 00177, 01369
01144, 01144, 00224, 01370
01145, 01145, 00261, 01380
01146, 01146, 00222, 01381
01147, 01147, 00178, 01356
01148, 01148, 00264, 01363
01149, 01149, 00263, 01378
01150, 01151, 00264, 01385
01151, 01151, 00239, 01363
01152, 01152, 00222, 01388
01153, 01153, 00253, 01381
01154, 01154, 00265, 01387
01155, 01155, 00268, 01377
01156, 01156, 00258, 01373
01157, 01157, 00266, 01379
01158, 01158, 00260, 01389
01159, 01159, 00261, 01380
01160, 01161, 00261, 01389
01161, 01161, 00230, 01385
01162, 01162, 00179, 01384
01163, 01163, 00259, 01396
01164, 01164, 00234, 01378
01165, 01165, 00270, 01380
01166, 01166, 00225, 01382
01167, 01167, 00257, 01394
01168, 01168, 00175, 01396
01169, 01169, 00258, 01397
01170, 01170, 00250, 01394
01171, 01171, 00222, 01407
01172, 01172, 00221, 01400
01173, 01173, 00174, 01387
01174, 01174, 00256, 01399
01175, 01175, 00173, 01406
01176, 01176, 00227, 01404
01177, 01177, 00171, 01413
01178, 01178, 00268, 01405
01179, 01180, 00171, 01418
01180, 01180, 00224, 01423
01181, 01181, 00227, 01405
01182, 01182, 00188, 01406
01183, 01184, 00172, 01420
01184, 01184, 00180, 01403
01185, 01186, 00259, 01423
01186, 01186, 00177, 01407
01187, 01187, 00172, 01425
01188, 01188, 00224, 01428
01189, 01189, 00174, 01417
01190, 01190, 00267, 01408
01191, 01191, 00225, 01418
01192, 01192, 00265, 01425
01193, 01193, 00174, 01421
01194, 01194, 00262, 01420
01195, 01195, 00229, 01424
01196, 01196, 00173, 01438
01197, 01197, 00227, 01420
01198, 01198, 00251, 01415
01199, 01200, 00170, 01436
01200, 01200, 00179, 01428
01201, 01201, 00262, 01434
01202, 01202, 00181, 01429
01203, 01203, 00224, 01439
01204, 01204, 00230, 01436
01205, 01206, 00167, 01432
01206, 01206, 00185, 01419
01207, 01208, 00255, 01446
01208, 01208, 00253, 01437
01209, 01209, 00254, 01445
01210, 01210, 00253, 01437
01211, 01211, 00263, 01442
01212, 01212, 00176, 01442
01213, 01214, 00169, 01446
01214, 01214, 00237, 01436
01215, 01216, 00170, 01445
01216, 01216, 00268, 01445
01217, 01218, 00170, 01456
01218, 01218, 00179, 01443
01219, 01219, 00172, 01456
01220, 01220, 00263, 01454
01221, 01222, 00249, 01468
01222, 01222, 00264, 01443
01223, 01223, 00262, 01463
01224, 01224, 00261, 01454
01225, 01225, 00174, 01471
01226, 01226, 00177, 01448
01227, 01227, 00263, 01462
01228, 01228, 00174, 01454
01229, 01230, 00167, 01467
01230, 01230, 00256, 01448
01231, 01232, 00261, 01477
01232, 01232, 00230, 01461
01233, 01234, 00257, 01475
01234, 01234, 00184, 01457
01235, 01235, 00220, 01472
01236, 01236, 00258, 01472
01237, 01238, 00247, 01489
01238, 01238, 00235, 01462
01239, 01239, 00266, 01474
01240, 01241, 00261, 01476
01241, 01241, 00257, 01478
01242, 01242, 00179, 01468
01243, 01243, 00266, 01479
01244, 01244, 00261, 01477
01245, 01246, 00167, 01484
01246, 01247, 00261, 01470
01247, 01247, 00171, 01477
01248, 01248, 00265, 01487
01249, 01249, 00258, 01477
01250, 01250, 00174, 01473
01251, 01251, 00254, 01489
01252, 01252, 00248, 01475
01253, 01254, 00170, 01495
01254, 01254, 00253, 01477
01255, 01255, 00264, 01487
01256, 01256, 00260, 01491
01257, 01257, 00254, 01488
01258, 01258, 00220, 01486
01259, 01259, 00271, 01486
01260, 01260, 00162, 01505
01261, 01261, 00218, 01506
01262, 01262, 00259, 01495
01263, 01263, 00266, 01491
01264, 01264, 00258, 01516
01265, 01265, 00227, 01492
01266, 01267, 00169, 01514
01267, 01267, 00230, 01503
01268, 01268, 00219, 01510
01269, 01269, 00259, 01508
01270, 01270, 00221, 01500
01271, 01271, 00173, 01505
01272, 01272, 00250, 01517
01273, 01274, 00169, 01510
01274, 01274, 00222, 01509
01275, 01276, 00259, 01505
01276, 01276, 00222, 01521
01277, 01278, 00257, 01509
01278, 01278, 00227, 01509
01279, 01279, 00174, 01503
01280, 01281, 00257, 01511
01281, 01282, 00252, 01524
01282, 01282, 00263, 01518
01283, 01284, 00259, 01522
01284, 01285, 00170, 01525
01285, 01285, 00261, 01512
01286, 01286, 00232, 01522
01287, 01287, 00255, 01522
01288, 01289, 00257, 01525
01289, 01289, 00220, 01524
01290, 01291, 00170, 01528
01291, 01292, 00259, 01523
01292, 01293, 00256, 01537
01293, 01293, 00219, 01519
01294, 01294, 00221, 01531
01295, 01295, 00225, 01525
01296, 01297, 00256, 01532
01297, 01297, 00260, 01527
01298, 01298, 00252, 01538
01299, 01300, 00259, 01540
01300, 01300, 00252, 01546
01301, 01301, 00179, 01524
01302, 01302, 00254, 01550
01303, 01303, 00175, 01547
01304, 01305, 00255, 01544
01305, 01305, 00261, 01540
01306, 01306, 00222, 01549
01307, 01308, 00252, 01552
01308, 01308, 00260, 01535
01309, 01309, 00260, 01529
01310, 01311, 00171, 01541
01311, 01311, 00256, 01549
01312, 01312, 00256, 01540
01313, 01313, 00163, 01556
01314, 01314, 00261, 01551
01315, 01315, 00249, 01565
01316, 01316, 00261, 01537
01317, 01317, 00252, 01565
01318, 01318, 00176, 01558
01319, 01319, 00219, 01553
01320, 01321, 00259, 01570
01321, 01321, 00171, 01558
01322, 01322, 00217, 01572
01323, 01324, 00168, 01555
01324, 01325, 00170, 01565
01325, 01325, 00258, 01555
01326, 01326, 00259, 01583
01327, 01327, 00266, 01563
01328, 01328, 00245, 01575
01329, 01329, 00252, 01573
01330, 01331, 00167, 01576
01331, 01331, 00177, 01557
01332, 01332, 00214, 01578
01333, 01333, 00257, 01573
01334, 01335, 00169, 01566
01335, 01335, 00215, 01574
01336, 01336, 00259, 01576
01337, 01337, 00217, 01595
01338, 01338, 00229, 01558
01339, 01339, 00254, 01586
01340, 01341, 00255, 01582
01341, 01342, 00163, 01593
01342, 01342, 00257, 01576
01343, 01343, 00222, 01581
01344, 01345, 00249, 01601
01345, 01345, 00225, 01579
01346, 01346, 00217, 01581
01347, 01348, 00254, 01583
01348, 01348, 00159, 01608
01349, 01349, 00258, 01593
01350, 01351, 00167, 01590
01351, 01351, 00219, 01594
01352, 01352, 00250, 01603
01353, 01353, 00263, 01584
01354, 01354, 00217, 01582
01355, 01355, 00250, 01609
01356, 01357, 00170, 01600
01357, 01357, 00162, 01604
01358, 01358, 00259, 01606
01359, 01359, 00161, 01617
01360, 01360, 00222, 01587
01361, 01361, 00215, 01601
01362, 01363, 00259, 01612
01363, 01363, 00244, 01600
01364, 01364, 00215, 01602
01365, 01365, 00258, 01603
01366, 01366, 00249, 01627
01367, 01367, 00252, 01606
01368, 01369, 00258, 01601
01369, 01369, 00217, 01611
01370, 01370, 00217, 01616
01371, 01372, 00169, 01622
01372, 01372, 00225, 01608
01373, 01374, 00167, 01631
01374, 01375, 00170, 01632
01375, 01376, 00252, 01616
01376, 01376, 00247, 01619
01377, 01377, 00254, 01620
01378, 01378, 00215, 01632
01379, 01380, 00167, 01617
01380, 01380, 00247, 01616
01381, 01381, 00219, 01636
01382, 01383, 00167, 01634
01383, 01383, 00220, 01625
01384, 01385, 00252, 01624
01385, 01385, 00249, 01629
01386, 01387, 00170, 01627
01387, 01388, 00170, 01632
01388, 01389, 00252, 01645
01389, 01389, 00216, 01635
01390, 01390, 00226, 01631
01391, 01391, 00215, 01635
01392, 01392, 00217, 01645
01393, 01393, 00172, 01633
01394, 01394, 00222, 01635
01395, 01395, 00220, 01648
01396, 01397, 00161, 01652
01397, 01397, 00174, 01625
01398, 01398, 00214, 01633
01399, 01400, 00250, 01646
01400, 01400, 00173, 01645
01401, 01401, 00254, 01655
01402, 01402, 00254, 01647
01403, 01403, 00251, 01663
01404, 01404, 00263, 01644
01405, 01405, 00207, 01652
01406, 01407, 00170, 01661
01407, 01407, 00257, 01646
01408, 01409, 00252, 01649
01409, 01409, 00221, 01656
01410, 01411, 00158, 01673
01411, 01411, 00265, 01648
01412, 01412, 00214, 01656
01413, 01414, 00170, 01663
01414, 01415, 00168, 01649
01415, 01415, 00251, 01667
01416, 01416, 00249, 01662
01417, 01417, 00158, 01680
01418, 01418, 00258, 01656
01419, 01419, 00217, 01668
01420, 01421, 00169, 01674
01421, 01421, 00216, 01661
01422, 01423, 00249, 01674
01423, 01424, 00167, 01672
01424, 01424, 00157, 01678
01425, 01426, 00169, 01662
01426, 01426, 00214, 01677
01427, 01428, 00249, 01686
01428, 01429, 00169, 01672
01429, 01430, 00252, 01683
01430, 01431, 00252, 01681
01431, 01431, 00210, 01695
01432, 01432, 00222, 01663
01433, 01433, 00217, 01670
01434, 01434, 00248, 01697
01435, 01435, 00171, 01685
01436, 01436, 00250, 01685
01437, 01438, 00159, 01691
01438, 01439, 00158, 01702
01439, 01439, 00219, 01674
01440, 01440, 00249, 01686
01441, 01441, 00159, 01708
01442, 01442, 00254, 01686
01443, 01443, 00160, 01694
01444, 01445, 00167, 01699
01445, 01446, 00170, 01694
01446, 01446, 00220, 01692
01447, 01448, 00170, 01695
01448, 01449, 00158, 01707
01449, 01450, 00160, 01700
01450, 01451, 00247, 01694
01451, 01452, 00159, 01709
01452, 01452, 00245, 01706
01453, 01454, 00250, 01697
01454, 01454, 00222, 01694
01455, 01455, 00251, 01705
01456, 01457, 00167, 01716
01457, 01458, 00256, 01711
01458, 01458, 00158, 01719
01459, 01459, 00159, 01705
01460, 01460, 00222, 01706
01461, 01461, 00247, 01707
01462, 01462, 00249, 01718
01463, 01463, 00158, 01725
01464, 01464, 00215, 01709
01465, 01465, 00158, 01728
01466, 01466, 00245, 01723
01467, 01467, 00254, 01716
01468, 01468, 00211, 01728
01469, 01470, 00163, 01723
01470, 01471, 00161, 01716
01471, 01472, 00245, 01723
01472, 01472, 00161, 01736
01473, 01473, 00249, 01724
01474, 01474, 00222, 01715
01475, 01475, 00212, 01723
01476, 01476, 00212, 01723
01477, 01477, 00215, 01728
01478, 01479, 00157, 01741
01479, 01479, 00248, 01745
01480, 01481, 00160, 01725
01481, 01481, 00250, 01730
01482, 01483, 00250, 01736
01483, 01483, 00248, 01737
01484, 01485, 00170, 01731
01485, 01486, 00159, 01739
01486, 01487, 00159, 01741
01487, 01487, 00252, 01735
01488, 01488, 00241, 01746
01489, 01489, 00161, 01743
01490, 01491, 00259, 01731
01491, 01492, 00249, 01745
01492, 01492, 00217, 01745
01493, 01493, 00158, 01756
01494, 01494, 00247, 01739
01495, 01495, 00247, 01741
01496, 01497, 00158, 01762
01497, 01497, 00217, 01745
01498, 01498, 00158, 01755
01499, 01500, 00247, 01759
01500, 01500, 00163, 01744
01501, 01501, 00251, 01754
01502, 01502, 00172, 01748
01503, 01503, 00249, 01750
01504, 01505, 00247, 01750
01505, 01506, 00169, 01754
01506, 01506, 00209, 01767
01507, 01507, 00217, 01745
01508, 01508, 00159, 01760
01509, 01509, 00250, 01776
01510, 01510, 00215, 01761
01511, 01511, 00158, 01775
01512, 01513, 00244, 01767
01513, 01513, 00161, 01765
01514, 01514, 00212, 01766
01515, 01515, 00248, 01769
01516, 01517, 00157, 01781
01517, 01517, 00250, 01770
01518, 01518, 00159, 01759
01519, 01519, 00157, 01796
01520, 01520, 00252, 01765
01521, 01522, 00161, 01776
01522, 01522, 00159, 01781
01523, 01523, 00212, 01782
01524, 01524, 00241, 01782
01525, 01525, 00159, 01776
01526, 01526, 00243, 01784
01527, 01527, 00212, 01777
01528, 01529, 00250, 01776
01529, 01529, 00248, 01787
01530, 01530, 00251, 01784
01531, 01531, 00222, 01782
01532, 01532, 00247, 01806
01533, 01534, 00247, 01785
01534, 01534, 00209, 01786
01535, 01535, 00248, 01792
01536, 01536, 00209, 01791
01537, 01537, 00210, 01798
01538, 01538, 00248, 01793
01539, 01540, 00157, 01806
01540, 01540, 00214, 01795
01541, 01541, 00215, 01792
01542, 01543, 00158, 01795
01543, 01544, 00160, 01800
01544, 01544, 00160, 01790
01545, 01546, 00157, 01808
01546, 01546, 00157, 01808
01547, 01547, 00245, 01783
01548, 01548, 00249, 01810
01549, 01549, 00158, 01799
01550, 01550, 00158, 01807
01551, 01551, 00158, 01816
01552, 01552, 00241, 01817
01553, 01554, 00159, 01806
01554, 01554, 00210, 01806
01555, 01555, 00257, 01808
01556, 01556, 00207, 01827
01557, 01557, 00210, 01819
01558, 01558, 00212, 01820
01559, 01560, 00158, 01817
01560, 01560, 00250, 01805
01561, 01562, 00158, 01812
01562, 01562, 00159, 01818
01563, 01564, 00161, 01824
01564, 01564, 00158, 01833
01565, 01565, 00209, 01835
01566, 01566, 00213, 01811
01567, 01567, 00210, 01832
01568, 01569, 00160, 01832
01569, 01569, 00159, 01827
01570, 01570, 00158, 01828
01571, 01571, 00249, 01830
01572, 01572, 00158, 01818
01573, 01574, 00167, 01824
01574, 01575, 00245, 01834
01575, 01576, 00157, 01837
01576, 01576, 00246, 01834
01577, 01577, 00159, 01830
01578, 01579, 00160, 01855
01579, 01580, 00169, 01831
01580, 01581, 00157, 01831
01581, 01582, 00158, 01847
01582, 01583, 00169, 01834
01583, 01583, 00211, 01840
01584, 01585, 00158, 01853
01585, 01585, 00244, 01836
01586, 01586, 00208, 01851
01587, 01587, 00215, 01852
01588, 01589, 00159, 01834
01589, 01589, 00211, 01859
01590, 01590, 00212, 01852
01591, 01592, 00158, 01848
01592, 01592, 00158, 01851
01593, 01594, 00247, 01852
01594, 01594, 00244, 01849
01595, 01596, 00159, 01846
01596, 01596, 00210, 01851
01597, 01597, 00202, 01858
01598, 01598, 00250, 01831
01599, 01599, 00247, 01858
01600, 01600, 00147, 01870
01601, 01602, 00163, 01855
01602, 01603, 00157, 01854
01603, 01603, 00205, 01884
01604, 01605, 00158, 01862
01605, 01605, 00217, 01865
01606, 01606, 00158, 01879
01607, 01607, 00159, 01857
01608, 01608, 00209, 01866
01609, 01609, 00235, 01874
01610, 01610, 00161, 01871
01611, 01611, 00157, 01869
01612, 01612, 00210, 01880
01613, 01614, 00157, 01879
01614, 01615, 00158, 01880
01615, 01615, 00157, 01877
01616, 01616, 00207, 01879
01617, 01617, 00207, 01875
01618, 01618, 00210, 01875
01619, 01619, 00207, 01879
01620, 01620, 00207, 01882
01621, 01621, 00246, 01881
01622, 01623, 00160, 01896
01623, 01623, 00158, 01878
01624, 01625, 00159, 01884
01625, 01625, 00157, 01882
01626, 01627, 00158, 01897
01627, 01627, 00241, 01881
01628, 01629, 00159, 01902
01629, 01629, 00211, 01899
01630, 01630, 00214, 01892
01631, 01632, 00162, 01891
01632, 01633, 00158, 01900
01633, 01633, 00158, 01900
01634, 01634, 00249, 01895
01635, 01635, 00239, 01905
01636, 01637, 00167, 01897
01637, 01637, 00240, 01893
01638, 01639, 00157, 01899
01639, 01640, 00167, 01896
01640, 01640, 00157, 01900
01641, 01641, 00240, 01897
01642, 01643, 00169, 01890
01643, 01643, 00207, 01902
01644, 01644, 00243, 01895
01645, 01645, 00244, 01904
01646, 01646, 00207, 01913
01647, 01647, 00158, 01912
01648, 01648, 00247, 01894
01649, 01649, 00157, 01915
01650, 01650, 00158, 01917
01651, 01651, 00207, 01907
01652, 01652, 00207, 01919
01653, 01653, 00205, 01928
01654, 01655, 00158, 01906
01655, 01655, 00204, 01915
01656, 01656, 00209, 01923
01657, 01657, 00213, 01909
01658, 01658, 00157, 01920
01659, 01659, 00236, 01944
01660, 01660, 00212, 01910
01661, 01661, 00237, 01931
01662, 01662, 00246, 01929
01663, 01664, 00158, 01925
01664, 01664, 00243, 01923
01665, 01665, 00242, 01935
01666, 01666, 00247, 01913
01667, 01668, 00157, 01926
01668, 01668, 00208, 01942
01669, 01669, 00251, 01929
01670, 01671, 00158, 01942
01671, 01671, 00204, 01943
01672, 01672, 00214, 01934
01673, 01673, 00242, 01936
01674, 01674, 00202, 01947
01675, 01675, 00217, 01936
01676, 01677, 00158, 01942
01677, 01677, 00199, 01957
01678, 01679, 00242, 01931
01679, 01679, 00160, 01944
01680, 01680, 00237, 01961
01681, 01682, 00157, 01946
01682, 01682, 00205, 01943
01683, 01683, 00205, 01955
01684, 01684, 00212, 01938
01685, 01685, 00251, 01939
01686, 01686, 00243, 01964
01687, 01687, 00205, 01952
01688, 01689, 00157, 01955
01689, 01690, 00157, 01976
01690, 01691, 00244, 01946
01691, 01692, 00167, 01951
01692, 01693, 00158, 01961
01693, 01693, 00236, 01953
01694, 01695, 00158, 01957
01695, 01695, 00243, 01975
01696, 01696, 00248, 01957
01697, 01698, 00159, 01959
01698, 01699, 00158, 01972
01699, 01699, 00158, 01964
01700, 01700, 00248, 01957
01701, 01702, 00157, 01974
01702, 01702, 00206, 01969
01703, 01703, 00158, 01972
01704, 01704, 00247, 01973
01705, 01706, 00157, 01983
01706, 01707, 00157, 01975
01707, 01708, 00157, 01981
01708, 01708, 00237, 01983
01709, 01709, 00248, 01966
01710, 01710, 00162, 01974
01711, 01712, 00158, 01985
01712, 01712, 00243, 01974
01713, 01713, 00157, 01994
01714, 01715, 00158, 01975
01715, 01716, 00158, 01975
01716, 01717, 00158, 01985
01717, 01717, 00238, 01990
01718, 01718, 00158, 01999
01719, 01719, 00158, 02004
01720, 01720, 00244, 01979
01721, 01721, 00241, 01996
01722, 01722, 00200, 01991
01723, 01723, 00204, 01991
01724, 01724, 00199, 02002
01725, 01725, 00236, 01995
01726, 01726, 00247, 01978
01727, 01727, 00158, 01985
01728, 01728, 00209, 01996
01729, 01730, 00157, 01993
01730, 01730, 00236, 01997
01731, 01732, 00147, 02015
01732, 01733, 00167, 01983
01733, 01734, 00160, 01999
01734, 01735, 00158, 02004
01735, 01735, 00157, 02002
01736, 01737, 00158, 02006
01737, 01737, 00197, 02015
01738, 01738, 00210, 01988
01739, 01740, 00158, 02007
01740, 01741, 00158, 02006
01741, 01741, 00207, 02008
01742, 01743, 00159, 02016
01743, 01743, 00147, 02015
01744, 01744, 00158, 02015
01745, 01745, 00158, 02008
01746, 01746, 00236, 02010
01747, 01747, 00158, 02030
01748, 01749, 00158, 02018
01749, 01749, 00203, 02015
01750, 01750, 00204, 02012
01751, 01752, 00158, 02022
01752, 01752, 00212, 02016
01753, 01754, 00147, 02027
01754, 01755, 00157, 02042
01755, 01755, 00205, 02014
01756, 01756, 00235, 02013
01757, 01758, 00145, 02043
01758, 01759, 00158, 02027
01759, 01760, 00159, 02019
01760, 01761, 00147, 02046
01761, 01761, 00209, 02019
01762, 01762, 00207, 02037
01763, 01763, 00158, 02034
01764, 01765, 00158, 02046
01765, 01765, 00210, 02029
01766, 01766, 00147, 02051
01767, 01767, 00158, 02036
01768, 01768, 00248, 02038
01769, 01769, 00159, 02037
01770, 01770, 00200, 02041
01771, 01771, 00157, 02043
01772, 01772, 00157, 02042
01773, 01774, 00159, 02030
01774, 01774, 00207, 02042
01775, 01775, 00239, 02044
01776, 01776, 00205, 02052
01777, 01778, 00157, 02055
01778, 01779, 00157, 02055
01779, 01780, 00157, 02051
01780, 01781, 00157, 02048
01781, 01781, 00147, 02060
01782, 01782, 00242, 02048
01783, 01783, 00197, 02060
01784, 01785, 00157, 02052
01785, 01785, 00147, 02065
01786, 01786, 00206, 02055
01787, 01787, 00203, 02042
01788, 01788, 00239, 02060
01789, 01789, 00198, 02063
01790, 01790, 00210, 02047
01791, 01791, 00201, 02061
01792, 01792, 00147, 02069
01793, 01793, 00206, 02056
01794, 01795, 00158, 02065
01795, 01795, 00239, 02065
01796, 01797, 00158, 02057
01797, 01797, 00243, 02069
01798, 01799, 00158, 02070
01799, 01799, 00204, 02076
01800, 01801, 00157, 02077
01801, 01801, 00249, 02061
01802, 01803, 00158, 02074
01803, 01803, 00204, 02079
01804, 01804, 00214, 02063
01805, 01805, 00203, 02084
01806, 01807, 00147, 02084
01807, 01807, 00159, 02066
01808, 01809, 00158, 02069
01809, 01809, 00228, 02083
01810, 01810, 00239, 02080
01811, 01811, 00207, 02081
01812, 01812, 00157, 02076
01813, 01813, 00228, 02087
01814, 01814, 00233, 02086
01815, 01815, 00157, 02083
01816, 01816, 00147, 02087
01817, 01817, 00158, 02110
01818, 01819, 00157, 02077
01819, 01819, 00247, 02086
01820, 01820, 00157, 02098
01821, 01822, 00158, 02103
01822, 01823, 00158, 02095
01823, 01824, 00158, 02091
01824, 01825, 00158, 02100
01825, 01825, 00158, 02096
01826, 01826, 00235, 02095
01827, 01827, 00226, 02103
01828, 01828, 00225, 02116
01829, 01829, 00200, 02096
01830, 01831, 00157, 02099
01831, 01832, 00147, 02120
01832, 01832, 00158, 02107
01833, 01833, 00157, 02099
01834, 01834, 00145, 02115
01835, 01835, 00157, 02106
01836, 01837, 00158, 02110
01837, 01837, 00210, 02108
01838, 01839, 00158, 02117
01839, 01839, 00230, 02132
01840, 01840, 00202, 02106
01841, 01841, 00239, 02107
01842, 01842, 00237, 02126
01843, 01843, 00157, 02129
01844, 01844, 00205, 02119
01845, 01845, 00197, 02134
01846, 01846, 00236, 02110
01847, 01847, 00158, 02115
01848, 01848, 00158, 02125
01849, 01849, 00205, 02112
01850, 01851, 00158, 02131
01851, 01852, 00147, 02126
01852, 01852, 00208, 02122
01853, 01853, 00241, 02118
01854, 01854, 00145, 02132
01855, 01855, 00233, 02131
01856, 01856, 00234, 02144
01857, 01857, 00207, 02117
01858, 01858, 00157, 02141
01859, 01859, 00202, 02131
01860, 01860, 00206, 02133
01861, 01861, 00158, 02141
01862, 01862, 00202, 02152
01863, 01864, 00158, 02127
01864, 01865, 00158, 02141
01865, 01865, 00230, 02139
01866, 01866, 00236, 02133
01867, 01868, 00147, 02157
01868, 01868, 00243, 02133
01869, 01870, 00157, 02147
01870, 01871, 00145, 02160
01871, 01871, 00157, 02139
01872, 01872, 00158, 02144
01873, 01873, 00234, 02149
01874, 01875, 00147, 02149
01875, 01875, 00229, 02155
01876, 01876, 00239, 02149
01877, 01878, 00157, 02154
01878, 01878, 00192, 02160
01879, 01880, 00158, 02147
01880, 01881, 00157, 02155
01881, 01882, 00145, 02146
01882, 01882, 00197, 02163
01883, 01883, 00202, 02158
01884, 01884, 00246, 02157
01885, 01886, 00147, 02162
01886, 01886, 00197, 02175
01887, 01887, 00205, 02154
01888, 01888, 00241, 02165
01889, 01890, 00141, 02176
01890, 01890, 00157, 02161
01891, 01891, 00197, 02166
01892, 01892, 00237, 02165
01893, 01894, 00147, 02175
01894, 01895, 00145, 02188
01895, 01895, 00157, 02156
01896, 01896, 00235, 02172
01897, 01897, 00201, 02181
01898, 01898, 00147, 02185
01899, 01899, 00207, 02177
01900, 01900, 00158, 02175
01901, 01901, 00158, 02170
01902, 01903, 00157, 02195
01903, 01904, 00157, 02173
01904, 01904, 00237, 02178
01905, 01905, 00141, 02207
01906, 01906, 00157, 02185
01907, 01907, 00204, 02185
01908, 01908, 00158, 02184
01909, 01909, 00234, 02177
01910, 01911, 00145, 02208
01911, 01911, 00157, 02177
01912, 01912, 00207, 02195
01913, 01913, 00200, 02195
01914, 01914, 00199, 02195
01915, 01915, 00204, 02196
01916, 01917, 00147, 02198
01917, 01917, 00209, 02182
01918, 01918, 00237, 02191
01919, 01919, 00235, 02206
01920, 01920, 00147, 02196
01921, 01921, 00236, 02218
01922, 01922, 00158, 02187
01923, 01923, 00158, 02206
01924, 01925, 00158, 02202
01925, 01925, 00202, 02195
01926, 01926, 00198, 02208
01927, 01928, 00145, 02219
01928, 01929, 00158, 02207
01929, 01930, 00158, 02216
01930, 01930, 00158, 02203
01931, 01931, 00147, 02213
01932, 01932, 00200, 02216
01933, 01934, 00158, 02205
01934, 01934, 00242, 02210
01935, 01935, 00147, 02214
01936, 01937, 00147, 02224
01937, 01937, 00147, 02218
01938, 01939, 00158, 02204
01939, 01939, 00145, 02220
01940, 01940, 00236, 02224
01941, 01941, 00202, 02219
01942, 01942, 00205, 02230
01943, 01943, 00231, 02214
01944, 01944, 00157, 02220
01945, 01945, 00235, 02230
01946, 01946, 00158, 02222
01947, 01948, 00157, 02228
01948, 01948, 00145, 02231
01949, 01949, 00158, 02227
01950, 01950, 00157, 02231
01951, 01951, 00158, 02227
01952, 01952, 00158, 02232
01953, 01953, 00232, 02248
01954, 01954, 00205, 02226
01955, 01955, 00236, 02233
01956, 01957, 00157, 02233
01957, 01957, 00234, 02239
01958, 01958, 00234, 02254
01959, 01959, 00158, 02232
01960, 01960, 00237, 02237
01961, 01962, 00157, 02238
01962, 01962, 00192, 02249
01963, 01963, 00157, 02246
01964, 01965, 00157, 02247
01965, 01966, 00158, 02242
01966, 01966, 00194, 02259
01967, 01967, 00200, 02247
01968, 01968, 00202, 02245
01969, 01969, 00157, 02260
01970, 01970, 00245, 02234
01971, 01971, 00143, 02254
01972, 01973, 00157, 02253
01973, 01973, 00239, 02248
01974, 01974, 00194, 02266
01975, 01975, 00236, 02254
01976, 01976, 00147, 02267
01977, 01977, 00158, 02258
01978, 01979, 00158, 02259
01979, 01980, 00141, 02272
01980, 01980, 00147, 02246
01981, 01982, 00141, 02274
01982, 01982, 00203, 02256
01983, 01984, 00157, 02259
01984, 01985, 00158, 02272
01985, 01985, 00147, 02265
01986, 01986, 00199, 02272
01987, 01988, 00158, 02267
01988, 01989, 00158, 02272
01989, 01989, 00143, 02281
01990, 01990, 00194, 02271
01991, 01991, 00200, 02275
01992, 01992, 00197, 02271
01993, 01993, 00210, 02265
01994, 01994, 00145, 02279
01995, 01995, 00145, 02295
01996, 01996, 00158, 02270
01997, 01998, 00158, 02286
01998, 01998, 00200, 02274
01999, 01999, 00235, 02284
02000, 02000, 00189, 02287
02001, 02001, 00209, 02275
02002, 02002, 00203, 02287
02003, 02003, 00207, 02275
02004, 02004, 00199, 02290
02005, 02005, 00230, 02292
02006, 02006, 00202, 02270
02007, 02007, 00231, 02280
02008, 02008, 00206, 02282
02009, 02009, 00233, 02290
02010, 02010, 00143, 02302
02011, 02012, 00158, 02274
02012, 02012, 00196, 02290
02013, 02013, 00229, 02296
02014, 02014, 00192, 02309
02015, 02015, 00157, 02305
02016, 02016, 00204, 02293
02017, 02017, 00158, 02294
02018, 02019, 00141, 02300
02019, 02019, 00143, 02314
02020, 02021, 00147, 02316
02021, 02021, 00158, 02295
02022, 02022, 00145, 02300
02023, 02023, 00229, 02310
02024, 02024, 00141, 02315
02025, 02025, 00158, 02304
02026, 02026, 00237, 02310
02027, 02027, 00157, 02298
02028, 02029, 00137, 02318
02029, 02029, 00195, 02310
02030, 02030, 00235, 02318
02031, 02031, 00145, 02309
02032, 02032, 00201, 02311
02033, 02033, 00195, 02319
02034, 02034, 00193, 02317
02035, 02035, 00158, 02327
02036, 02036, 00143, 02311
02037, 02037, 00147, 02317
02038, 02038, 00197, 02317
02039, 02039, 00147, 02322
02040, 02041, 00143, 02337
02041, 02041, 00237, 02324
02042, 02042, 00202, 02313
02043, 02043, 00158, 02324
02044, 02044, 00236, 02321
02045, 02046, 00147, 02340
02046, 02046, 00143, 02330
02047, 02048, 00158, 02331
02048, 02049, 00147, 02329
02049, 02049, 00236, 02333
02050, 02051, 00145, 02349
02051, 02051, 00236, 02343
02052, 02052, 00231, 02327
02053, 02053, 00237, 02336
02054, 02054, 00194, 02332
02055, 02056, 00145, 02348
02056, 02056, 00145, 02345
02057, 02057, 00199, 02336
02058, 02059, 00147, 02344
02059, 02059, 00157, 02335
02060, 02060, 00145, 02343
02061, 02061, 00141, 02358
02062, 02063, 00157, 02336
02063, 02063, 00158, 02350
02064, 02065, 00157, 02336
02065, 02065, 00145, 02350
02066, 02067, 00143, 02359
02067, 02068, 00157, 02351
02068, 02069, 00158, 02359
02069, 02070, 00157, 02350
02070, 02070, 00197, 02352
02071, 02072, 00141, 02356
02072, 02072, 00147, 02361
02073, 02073, 00197, 02360
02074, 02075, 00157, 02362
02075, 02075, 00199, 02352
02076, 02077, 00143, 02364
02077, 02077, 00147, 02362
02078, 02079, 00145, 02369
02079, 02079, 00234, 02362
02080, 02080, 00157, 02368
02081, 02081, 00232, 02365
02082, 02083, 00145, 02367
02083, 02084, 00141, 02380
02084, 02084, 00147, 02351
02085, 02085, 00147, 02373
02086, 02086, 00197, 02378
02087, 02087, 00231, 02373
02088, 02089, 00139, 02386
02089, 02089, 00195, 02373
02090, 02090, 00158, 02373
02091, 02091, 00202, 02377
02092, 02092, 00147, 02367
02093, 02093, 00143, 02390
02094, 02095, 00141, 02390
02095, 02095, 00199, 02376
02096, 02097, 00141, 02389
02097, 02097, 00233, 02379
02098, 02098, 00233, 02383
02099, 02099, 00232, 02390
02100, 02100, 00145, 02399
02101, 02101, 00158, 02381
02102, 02102, 00197, 02391
02103, 02103, 00202, 02384
02104, 02105, 00158, 02385
02105, 02105, 00233, 02399
02106, 02106, 00231, 02396
02107, 02107, 00200, 02389
02108, 02108, 00157, 02394
02109, 02110, 00147, 02393
02110, 02110, 00232, 02402
02111, 02111, 00145, 02393
02112, 02112, 00200, 02410
02113, 02113, 00233, 02399
02114, 02114, 00237, 02399
02115, 02115, 00237, 02415
02116, 02116, 00237, 02387
02117, 02117, 00236, 02399
02118, 02118, 00231, 02408
02119, 02119, 00199, 02414
02120, 02120, 00235, 02415
02121, 02121, 00233, 02397
02122, 02123, 00157, 02401
02123, 02123, 00234, 02402
02124, 02124, 00145, 02423
02125, 02125, 00145, 02420
02126, 02126, 00237, 02408
02127, 02127, 00199, 02415
02128, 02128, 00197, 02407
02129, 02129, 00197, 02421
02130, 02130, 00137, 02437
02131, 02131, 00204, 02412
02132, 02133, 00145, 02419
02133, 02134, 00158, 02417
02134, 02134, 00233, 02417
02135, 02136, 00141, 02423
02136, 02137, 00143, 02423
02137, 02138, 00141, 02439
02138, 02139, 00145, 02425
02139, 02139, 00234, 02430
02140, 02140, 00158, 02426
02141, 02142, 00145, 02429
02142, 02142, 00234, 02435
02143, 02143, 00235, 02441
02144, 02145, 00147, 02435
02145, 02146, 00147, 02424
02146, 02146, 00147, 02435
02147, 02147, 00143, 02430
02148, 02149, 00141, 02442
02149, 02149, 00189, 02463
02150, 02150, 00200, 02429
02151, 02151, 00145, 02441
02152, 02152, 00199, 02445
02153, 02153, 00143, 02438
02154, 02155, 00143, 02448
02155, 02155, 00143, 02434
02156, 02157, 00143, 02456
02157, 02157, 00147, 02447
02158, 02158, 00145, 02439
02159, 02159, 00143, 02449
02160, 02160, 00204, 02433
02161, 02161, 00145, 02458
02162, 02163, 00143, 02448
02163, 02163, 00139, 02457
02164, 02164, 00197, 02446
02165, 02165, 00228, 02447
02166, 02166, 00234, 02460
02167, 02167, 00198, 02448
02168, 02169, 00143, 02462
02169, 02169, 00192, 02464
02170, 02171, 00143, 02464
02171, 02171, 00143, 02450
02172, 02173, 00143, 02466
02173, 02173, 00195, 02478
02174, 02174, 00235, 02451
02175, 02175, 00234, 02462
02176, 02176, 00139, 02470
02177, 02178, 00145, 02471
02178, 02179, 00137, 02480
02179, 02179, 00147, 02457
02180, 02180, 00197, 02471
02181, 02181, 00199, 02467
02182, 02182, 00196, 02478
02183, 02183, 00228, 02484
02184, 02184, 00193, 02484
02185, 02186, 00143, 02475
02186, 02187, 00147, 02473
02187, 02187, 00230, 02485
02188, 02189, 00145, 02470
02189, 02189, 00195, 02482
02190, 02190, 00227, 02480
02191, 02191, 00190, 02484
02192, 02193, 00143, 02494
02193, 02193, 00199, 02476
02194, 02195, 00147, 02485
02195, 02195, 00234, 02481
02196, 02197, 00143, 02487
02197, 02198, 00139, 02498
02198, 02198, 00198, 02496
02199, 02200, 00145, 02498
02200, 02200, 00202, 02482
02201, 02201, 00234, 02496
02202, 02202, 00193, 02489
02203, 02203, 00147, 02490
02204, 02205, 00141, 02503
02205, 02206, 00141, 02498
02206, 02206, 00191, 02505
02207, 02207, 00147, 02483
02208, 02208, 00147, 02498
02209, 02210, 00143, 02497
02210, 02210, 00229, 02499
02211, 02211, 00227, 02514
02212, 02212, 00145, 02493
02213, 02213, 00197, 02515
02214, 02214, 00197, 02497
02215, 02215, 00157, 02509
02216, 02216, 00192, 02508
02217, 02218, 00147, 02504
02218, 02218, 00141, 02508
02219, 02219, 00225, 02516
02220, 02220, 00191, 02522
02221, 02221, 00234, 02510
02222, 02222, 00145, 02511
02223, 02223, 00143, 02518
02224, 02225, 00157, 02513
02225, 02225, 00225, 02519
02226, 02226, 00231, 02511
02227, 02227, 00234, 02519
02228, 02228, 00229, 02514
02229, 02229, 00141, 02534
02230, 02231, 00143, 02530
02231, 02231, 00199, 02526
02232, 02232, 00234, 02534
02233, 02233, 00145, 02517
02234, 02234, 00194, 02535
02235, 02235, 00195, 02514
02236, 02236, 00229, 02525
02237, 02238, 00145, 02535
02238, 02239, 00147, 02527
02239, 02240, 00145, 02536
02240, 02240, 00147, 02527
02241, 02241, 00147, 02532
02242, 02242, 00228, 02528
02243, 02243, 00191, 02530
02244, 02244, 00231, 02531
02245, 02245, 00231, 02547
02246, 02246, 00233, 02541
02247, 02248, 00145, 02540
02248, 02248, 00145, 02554
02249, 02250, 00157, 02523
02250, 02251, 00147, 02538
02251, 02251, 00199, 02534
02252, 02252, 00234, 02548
02253, 02253, 00185, 02558
02254, 02254, 00232, 02541
02255, 02256, 00143, 02558
02256, 02256, 00199, 02552
02257, 02258, 00143, 02547
02258, 02259, 00141, 02548
02259, 02259, 00143, 02545
02260, 02260, 00190, 02545
02261, 02261, 00143, 02552
02262, 02262, 00224, 02583
02263, 02263, 00230, 02551
02264, 02264, 00234, 02549
02265, 02266, 00143, 02555
02266, 02267, 00143, 02567
02267, 02268, 00139, 02562
02268, 02268, 00192, 02553
02269, 02269, 00133, 02558
02270, 02271, 00143, 02557
02271, 02271, 00227, 02587
02272, 02272, 00229, 02567
02273, 02273, 00233, 02559
02274, 02274, 00234, 02565
02275, 02276, 00143, 02565
02276, 02276, 00224, 02578
02277, 02277, 00157, 02562
02278, 02279, 00141, 02579
02279, 02280, 00139, 02576
02280, 02280, 00137, 02587
02281, 02281, 00145, 02578
02282, 02283, 00145, 02582
02283, 02283, 00194, 02580
02284, 02285, 00143, 02581
02285, 02285, 00232, 02588
02286, 02286, 00194, 02575
02287, 02287, 00192, 02582
02288, 02288, 00228, 02587
02289, 02289, 00229, 02583
02290, 02290, 00230, 02588
02291, 02291, 00191, 02583
02292, 02292, 00194, 02582
02293, 02293, 00235, 02584
02294, 02294, 00194, 02603
02295, 02295, 00200, 02572
02296, 02297, 00145, 02587
02297, 02298, 00145, 02583
02298, 02299, 00141, 02600
02299, 02299, 00141, 02592
02300, 02300, 00231, 02597
02301, 02302, 00137, 02604
02302, 02302, 00145, 02595
02303, 02303, 00141, 02616
02304, 02304, 00235, 02584
02305, 02305, 00198, 02596
02306, 02307, 00145, 02600
02307, 02307, 00141, 02591
02308, 02308, 00141, 02605
02309, 02309, 00192, 02603
02310, 02310, 00189, 02614
02311, 02311, 00241, 02606
02312, 02312, 00141, 02623
02313, 02313, 00143, 02594
02314, 02315, 00139, 02615
02315, 02316, 00145, 02615
02316, 02317, 00147, 02613
02317, 02317, 00235, 02609
02318, 02319, 00147, 02616
02319, 02319, 00139, 02614
02320, 02321, 00139, 02618
02321, 02321, 00184, 02643
02322, 02322, 00198, 02616
02323, 02324, 00143, 02626
02324, 02324, 00195, 02615
02325, 02325, 00189, 02620
02326, 02327, 00145, 02629
02327, 02327, 00230, 02620
02328, 02328, 00193, 02620
02329, 02330, 00143, 02628
02330, 02330, 00135, 02642
02331, 02332, 00145, 02621
02332, 02332, 00229, 02634
02333, 02333, 00141, 02641
02334, 02334, 00190, 02642
02335, 02335, 00234, 02627
02336, 02336, 00232, 02624
02337, 02337, 00197, 02633
02338, 02338, 00147, 02638
02339, 02340, 00139, 02651
02340, 02341, 00158, 02626
02341, 02341, 00196, 02641
02342, 02342, 00141, 02634
02343, 02344, 00139, 02640
02344, 02344, 00135, 02639
02345, 02345, 00143, 02639
02346, 02346, 00141, 02643
02347, 02347, 00145, 02646
02348, 02349, 00141, 02653
02349, 02349, 00235, 02632
02350, 02350, 00197, 02655
02351, 02351, 00194, 02644
02352, 02353, 00147, 02654
02353, 02353, 00197, 02637
02354, 02354, 00139, 02646
02355, 02356, 00139, 02656
02356, 02356, 00143, 02651
02357, 02357, 00141, 02663
02358, 02358, 00137, 02650
02359, 02360, 00143, 02657
02360, 02360, 00231, 02659
02361, 02361, 00226, 02664
02362, 02362, 00195, 02648
02363, 02364, 00147, 02665
02364, 02364, 00231, 02654
02365, 02365, 00157, 02661
02366, 02366, 00195, 02660
02367, 02368, 00139, 02659
02368, 02369, 00139, 02663
02369, 02370, 00143, 02669
02370, 02370, 00230, 02679
02371, 02371, 00233, 02666
02372, 02372, 00143, 02679
02373, 02373, 00143, 02673
02374, 02374, 00196, 02670
02375, 02375, 00231, 02673
02376, 02377, 00158, 02675
02377, 02378, 00143, 02673
02378, 02378, 00228, 02674
02379, 02379, 00137, 02675
02380, 02380, 00158, 02675
02381, 02381, 00139, 02687
02382, 02382, 00141, 02681
02383, 02383, 00190, 02698
02384, 02384, 00230, 02683
02385, 02385, 00234, 02693
02386, 02387, 00141, 02694
02387, 02387, 00192, 02689
02388, 02388, 00139, 02689
02389, 02389, 00196, 02679
02390, 02390, 00194, 02681
02391, 02391, 00158, 02689
02392, 02392, 00184, 02695
02393, 02393, 00197, 02685
02394, 02394, 00137, 02687
02395, 02395, 00143, 02694
02396, 02397, 00137, 02710
02397, 02397, 00190, 02686
02398, 02398, 00235, 02693
02399, 02400, 00135, 02709
02400, 02400, 00234, 02702
02401, 02401, 00137, 02704
02402, 02402, 00232, 02699
02403, 02403, 00230, 02703
02404, 02404, 00234, 02705
02405, 02406, 00133, 02713
02406, 02406, 00234, 02696
02407, 02407, 00199, 02707
02408, 02408, 00193, 02705
02409, 02409, 00141, 02716
02410, 02410, 00231, 02695
02411, 02411, 00229, 02708
02412, 02412, 00189, 02708
02413, 02414, 00139, 02718
02414, 02414, 00185, 02717
02415, 02415, 00137, 02717
02416, 02416, 00188, 02723
02417, 02417, 00197, 02712
02418, 02419, 00135, 02739
02419, 02420, 00147, 02710
02420, 02420, 00193, 02724
02421, 02422, 00141, 02713
02422, 02422, 00227, 02729
02423, 02424, 00147, 02716
02424, 02424, 00145, 02724
02425, 02425, 00234, 02725
02426, 02427, 00143, 02728
02427, 02427, 00141, 02728
02428, 02428, 00228, 02719
02429, 02429, 00231, 02727
02430, 02430, 00232, 02724
02431, 02431, 00180, 02750
02432, 02432, 00233, 02726
02433, 02433, 00137, 02742
02434, 02435, 00135, 02738
02435, 02435, 00185, 02760
02436, 02437, 00145, 02739
02437, 02438, 00135, 02744
02438, 02438, 00141, 02739
02439, 02439, 00139, 02741
02440, 02440, 00190, 02743
02441, 02441, 00191, 02748
02442, 02443, 00139, 02743
02443, 02444, 00141, 02746
02444, 02444, 00189, 02750
02445, 02445, 00228, 02744
02446, 02446, 00193, 02749
02447, 02447, 00139, 02742
02448, 02449, 00135, 02766
02449, 02449, 00195, 02733
02450, 02450, 00141, 02748
02451, 02451, 00228, 02745
02452, 02453, 00135, 02762
02453, 02453, 00192, 02747
02454, 02454, 00190, 02744
02455, 02456, 00141, 02752
02456, 02456, 00135, 02757
02457, 02457, 00189, 02768
02458, 02459, 00141, 02766
02459, 02459, 00187, 02764
02460, 02461, 00141, 02764
02461, 02461, 00133, 02762
02462, 02463, 00147, 02757
02463, 02463, 00226, 02764
02464, 02464, 00195, 02763
02465, 02465, 00184, 02772
02466, 02467, 00143, 02753
02467, 02467, 00227, 02766
02468, 02468, 00145, 02763
02469, 02469, 00141, 02771
02470, 02470, 00141, 02760
02471, 02471, 00230, 02766
02472, 02472, 00145, 02767
02473, 02473, 00141, 02769
02474, 02474, 00190, 02765
02475, 02475, 00143, 02766
02476, 02477, 00139, 02767
02477, 02478, 00139, 02777
02478, 02478, 00225, 02786
02479, 02479, 00141, 02777
02480, 02480, 00189, 02777
02481, 02481, 00137, 02781
02482, 02482, 00182, 02791
02483, 02483, 00191, 02777
02484, 02484, 00141, 02801
02485, 02485, 00189, 02793
02486, 02486, 00137, 02800
02487, 02487, 00230, 02789
02488, 02489, 00141, 02800
02489, 02489, 00139, 02794
02490, 02491, 00143, 02792
02491, 02491, 00139, 02781
02492, 02492, 00192, 02791
02493, 02493, 00190, 02798
02494, 02494, 00227, 02797
02495, 02496, 00135, 02802
02496, 02496, 00193, 02794
02497, 02497, 00227, 02799
02498, 02498, 00232, 02798
02499, 02499, 00143, 02811
02500, 02500, 00143, 02797
02501, 02501, 00190, 02798
02502, 02502, 00225, 02797
02503, 02504, 00137, 02818
02504, 02504, 00193, 02801
02505, 02505, 00145, 02808
02506, 02506, 00222, 02799
02507, 02507, 00227, 02810
02508, 02508, 00147, 02800
02509, 02509, 00228, 02808
02510, 02510, 00185, 02815
02511, 02511, 00189, 02819
02512, 02512, 00190, 02814
02513, 02513, 00228, 02815
02514, 02514, 00227, 02819
02515, 02515, 00226, 02825
02516, 02517, 00137, 02813
02517, 02517, 00231, 02815
02518, 02518, 00227, 02817
02519, 02520, 00137, 02825
02520, 02520, 00223, 02826
02521, 02521, 00135, 02828
02522, 02522, 00229, 02835
02523, 02523, 00231, 02824
02524, 02524, 00187, 02837
02525, 02525, 00143, 02824
02526, 02526, 00227, 02841
02527, 02528, 00135, 02838
02528, 02528, 00184, 02846
02529, 02529, 00228, 02827
02530, 02530, 00226, 02844
02531, 02531, 00192, 02836
02532, 02533, 00139, 02851
02533, 02534, 00141, 02828
02534, 02534, 00141, 02838
02535, 02536, 00145, 02844
02536, 02536, 00141, 02849
02537, 02537, 00196, 02835
02538, 02538, 00189, 02845
02539, 02539, 00139, 02837
02540, 02540, 00187, 02849
02541, 02541, 00141, 02833
02542, 02542, 00192, 02852
02543, 02544, 00145, 02850
02544, 02544, 00190, 02848
02545, 02546, 00137, 02845
02546, 02546, 00230, 02847
02547, 02547, 00226, 02850
02548, 02548, 00137, 02853
02549, 02549, 00187, 02861
02550, 02550, 00141, 02850
02551, 02552, 00137, 02862
02552, 02552, 00192, 02859
02553, 02553, 00184, 02874
02554, 02554, 00231, 02856
02555, 02555, 00189, 02861
02556, 02556, 00139, 02860
02557, 02557, 00223, 02870
02558, 02558, 00141, 02858
02559, 02560, 00141, 02868
02560, 02560, 00141, 02870
02561, 02562, 00137, 02878
02562, 02562, 00195, 02855
02563, 02563, 00194, 02870
02564, 02564, 00229, 02872
02565, 02565, 00192, 02882
02566, 02566, 00234, 02861
02567, 02568, 00145, 02874
02568, 02568, 00200, 02874
02569, 02569, 00231, 02887
02570, 02570, 00234, 02873
02571, 02572, 00147, 02877
02572, 02572, 00234, 02873
02573, 02574, 00145, 02890
02574, 02574, 00199, 02864
02575, 02576, 00147, 02878
02576, 02576, 00197, 02883
02577, 02577, 00194, 02886
02578, 02578, 00235, 02879
02579, 02579, 00234, 02884
02580, 02580, 00195, 02889
02581, 02581, 00143, 02890
02582, 02583, 00145, 02882
02583, 02583, 00192, 02891
02584, 02584, 00195, 02891
02585, 02585, 00192, 02896
02586, 02587, 00139, 02887
02587, 02588, 00141, 02894
02588, 02588, 00189, 02893
02589, 02589, 00137, 02894
02590, 02591, 00137, 02894
02591, 02591, 00191, 02893
02592, 02592, 00137, 02899
02593, 02593, 00141, 02906
02594, 02595, 00139, 02902
02595, 02595, 00194, 02893
02596, 02596, 00141, 02901
02597, 02597, 00192, 02910
02598, 02598, 00222, 02911
02599, 02599, 00224, 02906
02600, 02600, 00135, 02905
02601, 02601, 00187, 02913
02602, 02602, 00133, 02902
02603, 02604, 00143, 02909
02604, 02604, 00231, 02916
02605, 02605, 00195, 02918
02606, 02606, 00225, 02921
02607, 02608, 00137, 02903
02608, 02609, 00135, 02919
02609, 02610, 00137, 02912
02610, 02610, 00139, 02921
02611, 02611, 00189, 02920
02612, 02613, 00139, 02926
02613, 02613, 00189, 02923
02614, 02614, 00187, 02924
02615, 02616, 00137, 02921
02616, 02616, 00225, 02931
02617, 02617, 00224, 02932
02618, 02618, 00184, 02940
02619, 02620, 00137, 02926
02620, 02620, 00187, 02928
02621, 02622, 00141, 02936
02622, 02622, 00135, 02936
02623, 02623, 00227, 02936
02624, 02624, 00187, 02926
02625, 02625, 00224, 02934
02626, 02626, 00129, 02937
02627, 02627, 00190, 02935
02628, 02628, 00189, 02938
02629, 02629, 00225, 02936
02630, 02630, 00184, 02946
02631, 02631, 00229, 02934
02632, 02632, 00137, 02938
02633, 02634, 00133, 02942
02634, 02634, 00182, 02944
02635, 02636, 00135, 02938
02636, 02636, 00189, 02940
02637, 02638, 00137, 02941
02638, 02638, 00221, 02950
02639, 02639, 00135, 02940
02640, 02640, 00221, 02936
02641, 02641, 00192, 02944
02642, 02643, 00135, 02955
02643, 02644, 00137, 02951
02644, 02645, 00137, 02958
02645, 02645, 00184, 02946
02646, 02646, 00218, 02954
02647, 02647, 00143, 02952
02648, 02648, 00230, 02965
02649, 02650, 00139, 02958
02650, 02650, 00185, 02964
02651, 02652, 00137, 02958
02652, 02652, 00185, 02958
02653, 02653, 00227, 02960
02654, 02654, 00187, 02965
02655, 02655, 00135, 02966
02656, 02657, 00137, 02968
02657, 02657, 00139, 02966
02658, 02659, 00131, 02973
02659, 02659, 00224, 02969
02660, 02661, 00133, 02980
02661, 02661, 00133, 02973
02662, 02662, 00187, 02982
02663, 02663, 00229, 02982
02664, 02664, 00131, 02971
02665, 02665, 00139, 02970
02666, 02667, 00135, 02978
02667, 02667, 00188, 02968
02668, 02669, 00137, 02973
02669, 02669, 00225, 02975
02670, 02670, 00221, 02970
02671, 02671, 00137, 02978
02672, 02673, 00143, 02974
02673, 02673, 00185, 02968
02674, 02675, 00141, 02979
02675, 02676, 00139, 02982
02676, 02676, 00187, 02980
02677, 02678, 00137, 02989
02678, 02678, 00230, 02968
02679, 02679, 00194, 02990
02680, 02680, 00227, 02991
02681, 02681, 00230, 02993
02682, 02683, 00137, 02986
02683, 02683, 00194, 02988
02684, 02685, 00139, 02994
02685, 02685, 00185, 02992
02686, 02687, 00143, 02989
02687, 02687, 00227, 03003
02688, 02688, 00223, 02999
02689, 02689, 00225, 03015
02690, 02690, 00229, 02996
02691, 02691, 00182, 03017
02692, 02692, 00135, 02996
02693, 02693, 00224, 03020
02694, 02694, 00192, 02988
02695, 02696, 00133, 03011
02696, 02697, 00137, 02999
02697, 02698, 00135, 03012
02698, 02698, 00139, 02999
02699, 02699, 00145, 03013
02700, 02700, 00184, 03008
02701, 02702, 00131, 03026
02702, 02702, 00196, 03004
02703, 02704, 00139, 03014
02704, 02704, 00191, 03010
02705, 02705, 00218, 03025
02706, 02707, 00141, 03019
02707, 02708, 00133, 03017
02708, 02708, 00228, 03023
02709, 02709, 00221, 03025
02710, 02711, 00129, 03029
02711, 02711, 00228, 03025
02712, 02713, 00133, 03030
02713, 02713, 00182, 03017
02714, 02714, 00135, 03013
02715, 02715, 00185, 03018
02716, 02716, 00221, 03026
02717, 02717, 00137, 03020
02718, 02718, 00225, 03018
02719, 02719, 00137, 03018
02720, 02721, 00139, 03037
02721, 02721, 00233, 03019
02722, 02722, 00230, 03028
02723, 02723, 00194, 03028
02724, 02725, 00137, 03035
02725, 02726, 00135, 03025
02726, 02726, 00230, 03032
02727, 02727, 00184, 03038
02728, 02728, 00225, 03054
02729, 02729, 00139, 03030
02730, 02731, 00133, 03049
02731, 02731, 00228, 03045
02732, 02733, 00129, 03050
02733, 02733, 00189, 03027
02734, 02734, 00185, 03047
02735, 02735, 00184, 03043
02736, 02736, 00185, 03048
02737, 02738, 00135, 03041
02738, 02738, 00228, 03046
02739, 02739, 00139, 03050
02740, 02741, 00131, 03054
02741, 02741, 00192, 03054
02742, 02742, 00228, 03054
02743, 02743, 00135, 03057
02744, 02744, 00182, 03055
02745, 02745, 00190, 03052
02746, 02747, 00135, 03056
02747, 02747, 00133, 03073
02748, 02748, 00186, 03057
02749, 02749, 00133, 03059
02750, 02750, 00133, 03061
02751, 02751, 00184, 03080
02752, 02753, 00139, 03051
02753, 02754, 00137, 03063
02754, 02755, 00141, 03060
02755, 02755, 00129, 03078
02756, 02757, 00141, 03052
02757, 02757, 00137, 03071
02758, 02758, 00133, 03065
02759, 02759, 00187, 03073
02760, 02760, 00139, 03068
02761, 02761, 00225, 03069
02762, 02763, 00135, 03084
02763, 02763, 00135, 03076
02764, 02764, 00219, 03075
02765, 02765, 00224, 03072
02766, 02766, 00187, 03074
02767, 02767, 00221, 03065
02768, 02769, 00139, 03074
02769, 02769, 00196, 03071
02770, 02770, 00186, 03081
02771, 02771, 00141, 03064
02772, 02772, 00227, 03080
02773, 02773, 00186, 03080
02774, 02775, 00137, 03093
02775, 02775, 00229, 03075
02776, 02776, 00225, 03095
02777, 02777, 00226, 03092
02778, 02778, 00182, 03104
02779, 02780, 00137, 03087
02780, 02781, 00131, 03092
02781, 02781, 00133, 03085
02782, 02782, 00187, 03089
02783, 02783, 00145, 03093
02784, 02784, 00189, 03081
02785, 02785, 00139, 03099
02786, 02786, 00135, 03089
02787, 02787, 00186, 03095
02788, 02788, 00184, 03100
02789, 02790, 00137, 03095
02790, 02791, 00135, 03100
02791, 02791, 00137, 03113
02792, 02792, 00182, 03103
02793, 02793, 00180, 03115
02794, 02794, 00186, 03102
02795, 02795, 00227, 03101
02796, 02797, 00143, 03101
02797, 02797, 00220, 03115
02798, 02798, 00234, 03104
02799, 02799, 00187, 03111
02800, 02800, 00187, 03106
02801, 02801, 00218, 03120
02802, 02802, 00189, 03118
02803, 02803, 00223, 03131
02804, 02804, 00221, 03118
02805, 02805, 00139, 03103
02806, 02806, 00135, 03114
02807, 02808, 00133, 03113
02808, 02808, 00224, 03118
02809, 02809, 00137, 03106
02810, 02811, 00137, 03127
02811, 02812, 00135, 03117
02812, 02812, 00218, 03132
02813, 02813, 00188, 03123
02814, 02814, 00187, 03131
02815, 02815, 00186, 03128
02816, 02817, 00129, 03134
02817, 02817, 00187, 03131
02818, 02818, 00186, 03124
02819, 02820, 00135, 03125
02820, 02820, 00227, 03118
02821, 02821, 00137, 03129
02822, 02822, 00195, 03128
02823, 02824, 00137, 03141
02824, 02824, 00231, 03115
02825, 02825, 00227, 03141
02826, 02827, 00133, 03143
02827, 02828, 00131, 03160
02828, 02828, 00141, 03129
02829, 02829, 00187, 03145
02830, 02830, 00139, 03139
02831, 02831, 00129, 03138
02832, 02833, 00135, 03145
02833, 02833, 00232, 03141
02834, 02835, 00137, 03151
02835, 02836, 00141, 03133
02836, 02836, 00230, 03152
02837, 02837, 00180, 03164
02838, 02839, 00135, 03164
02839, 02839, 00139, 03137
02840, 02840, 00185, 03159
02841, 02841, 00187, 03145
02842, 02842, 00135, 03167
02843, 02843, 00137, 03142
02844, 02845, 00135, 03160
02845, 02845, 00135, 03150
02846, 02847, 00131, 03171
02847, 02848, 00137, 03163
02848, 02849, 00135, 03171
02849, 02850, 00131, 03159
02850, 02851, 00135, 03152
02851, 02851, 00139, 03156
02852, 02852, 00221, 03159
02853, 02853, 00223, 03176
02854, 02854, 00196, 03156
02855, 02856, 00135, 03178
02856, 02856, 00189, 03157
02857, 02857, 00129, 03176
02858, 02858, 00227, 03176
02859, 02859, 00181, 03160
02860, 02861, 00133, 03174
02861, 02861, 00183, 03166
02862, 02862, 00221, 03164
02863, 02863, 00187, 03172
02864, 02865, 00139, 03178
02865, 02865, 00182, 03173
02866, 02866, 00133, 03178
02867, 02868, 00137, 03189
02868, 02868, 00221, 03203
02869, 02869, 00225, 03176
02870, 02870, 00185, 03180
02871, 02872, 00137, 03183
02872, 02873, 00137, 03178
02873, 02873, 00184, 03178
02874, 02874, 00226, 03182
02875, 02875, 00141, 03194
02876, 02877, 00141, 03186
02877, 02877, 00182, 03205
02878, 02878, 00127, 03188
02879, 02879, 00218, 03205
02880, 02881, 00137, 03178
