Target, Hit, HitSpeed, StopPos 
00002, 00002, 05245, 00002
00003, 00003, 03495, 00006
00004, 00004, 02312, 00011
00005, 00005, 02179, 00014
00006, 00006, 01998, 00013
00007, 00007, 01701, 00006
00008, 00008, 01497, 00008
00009, 00009, 01553, 00015
00010, 00010, 01445, 00010
00011, 00011, 01295, 00015
00012, 00012, 01192, 00024
00013, 00013, 01248, 00022
00014, 00014, 01062, 00023
00015, 00015, 01047, 00030
00016, 00016, 01137, 00035
00017, 00017, 01178, 00012
00018, 00018, 01059, 00023
00019, 00019, 00995, 00038
00020, 00020, 01023, 00036
00021, 00021, 00915, 00048
00022, 00022, 01030, 00025
00023, 00023, 01070, 00027
00024, 00024, 01034, 00034
00025, 00025, 00923, 00044
00026, 00026, 00942, 00053
00027, 00027, 00925, 00036
00028, 00028, 00928, 00053
00029, 00029, 00820, 00050
00030, 00030, 00833, 00058
00031, 00031, 00895, 00044
00032, 00032, 00868, 00056
00033, 00033, 00757, 00067
00034, 00034, 00720, 00044
00035, 00035, 00897, 00060
00036, 00036, 00755, 00075
00037, 00037, 00827, 00052
00038, 00038, 00808, 00068
00039, 00039, 00745, 00076
00040, 00040, 00828, 00075
00041, 00041, 00781, 00076
00042, 00042, 00779, 00077
00043, 00043, 00747, 00076
00044, 00044, 00808, 00080
00045, 00045, 00804, 00077
00046, 00046, 00680, 00085
00047, 00047, 00745, 00081
00048, 00048, 00652, 00077
00049, 00049, 00717, 00079
00050, 00050, 00722, 00075
00051, 00051, 00710, 00080
00052, 00052, 00755, 00084
00053, 00053, 00629, 00096
00054, 00054, 00745, 00093
00055, 00055, 00686, 00086
00056, 00056, 00712, 00081
00057, 00057, 00614, 00090
00058, 00058, 00689, 00097
00059, 00059, 00665, 00104
00060, 00060, 00679, 00092
00061, 00061, 00668, 00111
00062, 00062, 00693, 00101
00063, 00063, 00675, 00101
00064, 00064, 00663, 00110
00065, 00065, 00621, 00111
00066, 00066, 00610, 00124
00067, 00067, 00647, 00118
00068, 00068, 00600, 00113
00069, 00069, 00552, 00117
00070, 00070, 00624, 00117
00071, 00071, 00527, 00108
00072, 00072, 00625, 00103
00073, 00073, 00642, 00097
00074, 00074, 00636, 00117
00075, 00075, 00678, 00112
00076, 00076, 00612, 00095
00077, 00077, 00632, 00102
00078, 00078, 00616, 00107
00079, 00079, 00626, 00120
00080, 00080, 00570, 00109
00081, 00081, 00500, 00124
00082, 00082, 00601, 00124
00083, 00083, 00557, 00125
00084, 00084, 00497, 00140
00085, 00085, 00603, 00129
00086, 00086, 00596, 00123
00087, 00087, 00557, 00123
00088, 00088, 00581, 00139
00089, 00089, 00578, 00145
00090, 00090, 00563, 00135
00091, 00091, 00546, 00144
00092, 00092, 00554, 00147
00093, 00093, 00532, 00148
00094, 00094, 00561, 00149
00095, 00095, 00545, 00136
00096, 00096, 00531, 00147
00097, 00097, 00537, 00149
00098, 00098, 00502, 00150
00099, 00099, 00572, 00139
00100, 00100, 00563, 00159
00101, 00101, 00556, 00148
00102, 00102, 00485, 00147
00103, 00103, 00475, 00161
00104, 00104, 00555, 00141
00105, 00105, 00482, 00146
00106, 00106, 00564, 00127
00107, 00107, 00549, 00163
00108, 00108, 00530, 00161
00109, 00109, 00551, 00160
00110, 00110, 00510, 00164
00111, 00111, 00531, 00148
00112, 00112, 00454, 00153
00113, 00113, 00503, 00153
00114, 00114, 00477, 00160
00115, 00115, 00539, 00179
00116, 00116, 00573, 00171
00117, 00117, 00566, 00169
00118, 00118, 00563, 00169
00119, 00119, 00533, 00176
00120, 00120, 00507, 00173
00121, 00121, 00444, 00178
00122, 00122, 00536, 00172
00123, 00123, 00423, 00183
00124, 00124, 00444, 00184
00125, 00125, 00510, 00187
00126, 00126, 00528, 00179
00127, 00127, 00523, 00180
00128, 00128, 00496, 00177
00129, 00129, 00422, 00196
00130, 00130, 00500, 00184
00131, 00131, 00492, 00196
00132, 00132, 00525, 00180
00133, 00133, 00432, 00191
00134, 00134, 00442, 00188
00135, 00135, 00518, 00197
00136, 00136, 00503, 00195
00137, 00137, 00501, 00202
00138, 00138, 00484, 00204
00139, 00139, 00487, 00195
00140, 00140, 00485, 00203
00141, 00141, 00513, 00189
00142, 00142, 00519, 00196
00143, 00143, 00462, 00194
00144, 00144, 00503, 00212
00145, 00145, 00470, 00206
00146, 00146, 00513, 00211
00147, 00147, 00523, 00205
00148, 00148, 00496, 00223
00149, 00149, 00493, 00220
00150, 00150, 00401, 00215
00151, 00151, 00395, 00220
00152, 00152, 00505, 00213
00153, 00153, 00480, 00227
00154, 00154, 00490, 00220
00155, 00155, 00409, 00215
00156, 00156, 00385, 00223
00157, 00157, 00393, 00225
00158, 00158, 00442, 00229
00159, 00159, 00407, 00222
00160, 00160, 00477, 00231
00161, 00161, 00460, 00233
00162, 00162, 00481, 00237
00163, 00163, 00471, 00234
00164, 00164, 00446, 00231
00165, 00165, 00455, 00230
00166, 00166, 00483, 00232
00167, 00167, 00460, 00227
00168, 00168, 00449, 00238
00169, 00169, 00478, 00246
00170, 00170, 00394, 00229
00171, 00171, 00434, 00237
00172, 00172, 00379, 00238
00173, 00173, 00461, 00248
00174, 00174, 00392, 00244
00175, 00175, 00464, 00247
00176, 00176, 00478, 00257
00177, 00177, 00451, 00259
00178, 00178, 00450, 00262
00179, 00179, 00424, 00251
00180, 00180, 00407, 00259
00181, 00181, 00432, 00262
00182, 00182, 00461, 00258
00183, 00183, 00379, 00257
00184, 00184, 00434, 00262
00185, 00185, 00451, 00265
00186, 00186, 00438, 00260
00187, 00187, 00357, 00262
00188, 00188, 00451, 00270
00189, 00189, 00431, 00267
00190, 00190, 00419, 00267
00191, 00191, 00409, 00273
00192, 00192, 00365, 00287
00193, 00193, 00349, 00281
00194, 00194, 00419, 00276
00195, 00195, 00460, 00271
00196, 00196, 00449, 00280
00197, 00197, 00349, 00285
00198, 00198, 00415, 00288
00199, 00199, 00441, 00277
00200, 00200, 00432, 00276
00201, 00201, 00407, 00280
00202, 00202, 00417, 00284
00203, 00203, 00359, 00282
00204, 00204, 00432, 00286
00205, 00205, 00419, 00295
00206, 00206, 00402, 00292
00207, 00207, 00416, 00305
00208, 00208, 00438, 00282
00209, 00209, 00354, 00283
00210, 00210, 00354, 00279
00211, 00211, 00362, 00275
00212, 00212, 00345, 00290
00213, 00213, 00421, 00308
00214, 00214, 00352, 00292
00215, 00215, 00445, 00290
00216, 00216, 00374, 00292
00217, 00217, 00419, 00306
00218, 00218, 00344, 00304
00219, 00219, 00415, 00302
00220, 00220, 00342, 00315
00221, 00221, 00337, 00311
00222, 00222, 00335, 00309
00223, 00223, 00385, 00316
00224, 00224, 00418, 00304
00225, 00225, 00344, 00308
00226, 00226, 00422, 00322
00227, 00227, 00340, 00324
00228, 00228, 00428, 00316
00229, 00229, 00394, 00311
00230, 00230, 00380, 00322
00231, 00231, 00413, 00328
00232, 00232, 00395, 00315
00233, 00233, 00404, 00317
00234, 00234, 00355, 00321
00235, 00235, 00389, 00324
00236, 00236, 00412, 00332
00237, 00237, 00334, 00330
00238, 00238, 00424, 00332
00239, 00239, 00337, 00322
00240, 00240, 00400, 00339
00241, 00241, 00409, 00335
00242, 00242, 00416, 00331
00243, 00243, 00401, 00341
00244, 00244, 00396, 00346
00245, 00245, 00310, 00343
00246, 00246, 00324, 00337
00247, 00247, 00380, 00344
00248, 00248, 00385, 00338
00249, 00249, 00370, 00348
00250, 00250, 00416, 00338
00251, 00251, 00394, 00341
00252, 00252, 00322, 00338
00253, 00253, 00399, 00357
00254, 00254, 00408, 00352
00255, 00255, 00371, 00348
00256, 00256, 00388, 00351
00257, 00257, 00388, 00345
00258, 00258, 00410, 00344
00259, 00259, 00395, 00357
00260, 00260, 00329, 00359
00261, 00261, 00319, 00361
00262, 00262, 00367, 00362
00263, 00263, 00408, 00357
00264, 00264, 00388, 00359
00265, 00265, 00388, 00376
00266, 00266, 00317, 00358
00267, 00267, 00396, 00355
00268, 00268, 00396, 00369
00269, 00269, 00405, 00371
00270, 00270, 00401, 00372
00271, 00271, 00359, 00368
00272, 00272, 00378, 00379
00273, 00273, 00385, 00382
00274, 00274, 00372, 00374
00275, 00275, 00401, 00372
00276, 00276, 00363, 00385
00277, 00277, 00300, 00388
00278, 00278, 00386, 00381
00279, 00279, 00390, 00371
00280, 00280, 00393, 00372
00281, 00281, 00291, 00374
00282, 00282, 00407, 00381
00283, 00283, 00404, 00383
00284, 00284, 00395, 00390
00285, 00285, 00295, 00389
00286, 00286, 00362, 00394
00287, 00287, 00380, 00393
00288, 00288, 00361, 00407
00289, 00289, 00391, 00374
00290, 00290, 00372, 00394
00291, 00291, 00393, 00408
00292, 00292, 00347, 00401
00293, 00293, 00299, 00399
00294, 00294, 00291, 00404
00295, 00295, 00393, 00396
00296, 00296, 00359, 00396
00297, 00297, 00391, 00400
00298, 00298, 00297, 00405
00299, 00299, 00354, 00406
00300, 00300, 00380, 00410
00301, 00301, 00310, 00393
00302, 00302, 00328, 00424
00303, 00303, 00363, 00408
00304, 00304, 00317, 00403
00305, 00305, 00299, 00416
00306, 00306, 00361, 00430
00307, 00307, 00284, 00428
00308, 00308, 00388, 00418
00309, 00309, 00302, 00410
00310, 00310, 00379, 00417
00311, 00311, 00388, 00412
00312, 00312, 00360, 00421
00313, 00313, 00284, 00436
00314, 00314, 00385, 00424
00315, 00315, 00329, 00431
00316, 00316, 00332, 00433
00317, 00317, 00302, 00415
00318, 00318, 00309, 00426
00319, 00319, 00363, 00439
00320, 00320, 00355, 00436
00321, 00321, 00300, 00433
00322, 00322, 00348, 00436
00323, 00323, 00363, 00430
00324, 00324, 00365, 00431
00325, 00325, 00350, 00430
00326, 00326, 00378, 00446
00327, 00327, 00299, 00425
00328, 00328, 00329, 00452
00329, 00329, 00360, 00459
00330, 00330, 00368, 00438
00331, 00331, 00344, 00444
00332, 00332, 00360, 00455
00333, 00333, 00363, 00465
00334, 00334, 00373, 00453
00335, 00335, 00368, 00447
00336, 00336, 00365, 00444
00337, 00337, 00303, 00435
00338, 00338, 00302, 00444
00339, 00339, 00375, 00448
00340, 00340, 00332, 00464
00341, 00341, 00356, 00459
00342, 00342, 00338, 00467
00343, 00343, 00369, 00442
00344, 00344, 00340, 00451
00345, 00345, 00337, 00467
00346, 00346, 00330, 00465
00347, 00347, 00283, 00463
00348, 00348, 00264, 00476
00349, 00349, 00383, 00459
00350, 00350, 00371, 00464
00351, 00351, 00332, 00469
00352, 00352, 00259, 00485
00353, 00353, 00346, 00460
00354, 00354, 00359, 00469
00355, 00355, 00373, 00475
00356, 00356, 00368, 00462
00357, 00357, 00284, 00474
00358, 00358, 00351, 00494
00359, 00359, 00318, 00479
00360, 00360, 00317, 00498
00361, 00361, 00367, 00470
00362, 00362, 00283, 00473
00363, 00363, 00332, 00482
00364, 00364, 00356, 00477
00365, 00365, 00353, 00490
00366, 00366, 00329, 00497
00367, 00367, 00270, 00480
00368, 00368, 00369, 00478
00369, 00369, 00277, 00480
00370, 00370, 00348, 00506
00371, 00371, 00274, 00491
00372, 00372, 00270, 00503
00373, 00373, 00287, 00478
00374, 00374, 00365, 00492
00375, 00375, 00273, 00507
00376, 00376, 00270, 00497
00377, 00377, 00324, 00504
00378, 00378, 00344, 00515
00379, 00379, 00356, 00488
00380, 00380, 00284, 00497
00381, 00381, 00319, 00507
00382, 00382, 00314, 00521
00383, 00383, 00269, 00507
00384, 00384, 00262, 00503
00385, 00385, 00284, 00488
00386, 00386, 00351, 00514
00387, 00387, 00281, 00502
00388, 00388, 00352, 00515
00389, 00389, 00336, 00523
00390, 00390, 00341, 00506
00391, 00391, 00330, 00498
00392, 00392, 00356, 00516
00393, 00393, 00315, 00528
00394, 00394, 00345, 00528
00395, 00395, 00249, 00542
00396, 00396, 00351, 00509
00397, 00397, 00365, 00520
00398, 00398, 00315, 00518
00399, 00399, 00343, 00529
00400, 00400, 00338, 00539
00401, 00401, 00349, 00518
00402, 00402, 00320, 00521
00403, 00403, 00267, 00529
00404, 00404, 00307, 00531
00405, 00405, 00317, 00542
00406, 00406, 00331, 00545
00407, 00407, 00349, 00537
00408, 00408, 00353, 00537
00409, 00409, 00343, 00543
00410, 00410, 00343, 00542
00411, 00411, 00307, 00550
00412, 00412, 00346, 00536
00413, 00413, 00331, 00536
00414, 00414, 00333, 00559
00415, 00415, 00336, 00555
00416, 00416, 00338, 00562
00417, 00417, 00309, 00548
00418, 00418, 00353, 00526
00419, 00419, 00312, 00557
00420, 00420, 00267, 00549
00421, 00421, 00314, 00558
00422, 00422, 00345, 00549
00423, 00423, 00352, 00543
00424, 00424, 00325, 00557
00425, 00425, 00347, 00557
00426, 00426, 00338, 00575
00427, 00427, 00321, 00577
00428, 00428, 00348, 00551
00429, 00429, 00345, 00560
00430, 00430, 00307, 00560
00431, 00431, 00336, 00569
00432, 00432, 00333, 00558
00433, 00433, 00267, 00561
00434, 00434, 00307, 00560
00435, 00435, 00326, 00562
00436, 00436, 00318, 00571
00437, 00437, 00297, 00598
00438, 00438, 00340, 00563
00439, 00439, 00338, 00571
00440, 00440, 00345, 00587
00441, 00441, 00349, 00574
00442, 00442, 00244, 00564
00443, 00443, 00336, 00570
00444, 00444, 00255, 00573
00445, 00445, 00308, 00598
00446, 00446, 00346, 00590
00447, 00447, 00242, 00605
00448, 00448, 00307, 00575
00449, 00449, 00324, 00580
00450, 00450, 00321, 00587
00451, 00451, 00335, 00578
00452, 00452, 00300, 00586
00453, 00453, 00345, 00592
00454, 00454, 00304, 00585
00455, 00455, 00245, 00592
00456, 00456, 00336, 00613
00457, 00457, 00326, 00608
00458, 00458, 00265, 00588
00459, 00459, 00343, 00604
00460, 00460, 00313, 00601
00461, 00461, 00244, 00611
00462, 00462, 00247, 00597
00463, 00463, 00311, 00595
00464, 00464, 00300, 00616
00465, 00465, 00321, 00601
00466, 00466, 00333, 00612
00467, 00467, 00297, 00620
00468, 00468, 00318, 00606
00469, 00469, 00314, 00608
00470, 00470, 00328, 00605
00471, 00471, 00322, 00626
00472, 00472, 00267, 00590
00473, 00473, 00330, 00614
00474, 00474, 00294, 00620
00475, 00475, 00318, 00614
00476, 00476, 00294, 00626
00477, 00477, 00330, 00618
00478, 00478, 00262, 00612
00479, 00479, 00337, 00621
00480, 00480, 00320, 00635
00481, 00481, 00323, 00612
00482, 00482, 00246, 00622
00483, 00483, 00311, 00637
00484, 00484, 00336, 00635
00485, 00485, 00320, 00643
00486, 00486, 00326, 00633
00487, 00487, 00323, 00624
00488, 00488, 00247, 00625
00489, 00489, 00292, 00640
00490, 00490, 00326, 00616
00491, 00491, 00260, 00619
00492, 00492, 00233, 00645
00493, 00493, 00298, 00632
00494, 00494, 00318, 00651
00495, 00495, 00326, 00634
00496, 00496, 00290, 00646
00497, 00497, 00330, 00638
00498, 00498, 00237, 00648
00499, 00499, 00328, 00645
00500, 00500, 00333, 00638
00501, 00501, 00294, 00652
00502, 00502, 00313, 00650
00503, 00503, 00282, 00645
00504, 00504, 00237, 00661
00505, 00505, 00287, 00652
00506, 00506, 00313, 00640
00507, 00507, 00244, 00655
00508, 00508, 00239, 00642
00509, 00509, 00320, 00650
00510, 00510, 00297, 00653
00511, 00511, 00233, 00663
00512, 00512, 00234, 00661
00513, 00513, 00300, 00662
00514, 00514, 00336, 00673
00515, 00515, 00315, 00660
00516, 00516, 00230, 00682
00517, 00517, 00321, 00654
00518, 00518, 00293, 00660
00519, 00519, 00320, 00668
00520, 00520, 00232, 00671
00521, 00521, 00238, 00668
00522, 00522, 00318, 00677
00523, 00523, 00303, 00671
00524, 00524, 00314, 00671
00525, 00525, 00316, 00673
00526, 00526, 00326, 00653
00527, 00527, 00313, 00675
00528, 00528, 00312, 00690
00529, 00529, 00275, 00663
00530, 00530, 00292, 00678
00531, 00531, 00328, 00686
00532, 00532, 00234, 00676
00533, 00533, 00321, 00693
00534, 00534, 00316, 00683
00535, 00535, 00325, 00680
00536, 00536, 00232, 00694
00537, 00537, 00311, 00693
00538, 00538, 00325, 00696
00539, 00539, 00285, 00701
00540, 00540, 00220, 00680
00541, 00541, 00320, 00689
00542, 00542, 00307, 00689
00543, 00543, 00338, 00673
00544, 00544, 00308, 00705
00545, 00545, 00318, 00708
00546, 00546, 00285, 00695
00547, 00547, 00288, 00701
00548, 00548, 00232, 00706
00549, 00549, 00311, 00704
00550, 00550, 00227, 00706
00551, 00551, 00310, 00699
00552, 00552, 00306, 00714
00553, 00553, 00282, 00710
00554, 00554, 00310, 00706
00555, 00555, 00237, 00710
00556, 00556, 00310, 00723
00557, 00557, 00305, 00718
00558, 00558, 00282, 00715
00559, 00559, 00293, 00698
00560, 00560, 00326, 00719
00561, 00561, 00320, 00711
00562, 00562, 00310, 00706
00563, 00563, 00244, 00707
00564, 00564, 00232, 00732
00565, 00565, 00318, 00726
00566, 00566, 00225, 00722
00567, 00567, 00325, 00712
00568, 00568, 00239, 00735
00569, 00569, 00234, 00729
00570, 00570, 00271, 00724
00571, 00571, 00321, 00720
00572, 00572, 00235, 00747
00573, 00573, 00222, 00736
00574, 00574, 00316, 00732
00575, 00575, 00291, 00724
00576, 00576, 00308, 00728
00577, 00577, 00227, 00740
00578, 00578, 00313, 00739
00579, 00579, 00323, 00720
00580, 00580, 00273, 00752
00581, 00581, 00301, 00748
00582, 00582, 00225, 00736
00583, 00583, 00323, 00736
00584, 00584, 00285, 00744
00585, 00585, 00298, 00754
00586, 00586, 00278, 00743
00587, 00587, 00282, 00743
00588, 00588, 00267, 00766
00589, 00589, 00304, 00762
00590, 00590, 00229, 00745
00591, 00591, 00294, 00743
00592, 00592, 00282, 00750
00593, 00593, 00309, 00752
00594, 00594, 00277, 00741
00595, 00595, 00219, 00752
00596, 00596, 00308, 00763
00597, 00597, 00306, 00770
00598, 00598, 00243, 00752
00599, 00599, 00320, 00765
00600, 00600, 00298, 00762
00601, 00601, 00274, 00761
00602, 00602, 00225, 00748
00603, 00603, 00308, 00770
00604, 00604, 00217, 00776
00605, 00605, 00308, 00763
00606, 00606, 00323, 00756
00607, 00607, 00268, 00766
00608, 00608, 00306, 00766
00609, 00609, 00220, 00767
00610, 00610, 00227, 00761
00611, 00611, 00271, 00786
00612, 00612, 00300, 00799
00613, 00613, 00323, 00754
00614, 00614, 00230, 00774
00615, 00615, 00301, 00778
00616, 00616, 00268, 00783
00617, 00617, 00279, 00778
00618, 00618, 00313, 00785
00619, 00619, 00287, 00804
00620, 00620, 00222, 00778
00621, 00621, 00313, 00774
00622, 00622, 00280, 00780
00623, 00623, 00301, 00797
00624, 00624, 00313, 00781
00625, 00625, 00305, 00790
00626, 00626, 00270, 00807
00627, 00627, 00267, 00797
00628, 00628, 00239, 00776
00629, 00629, 00307, 00792
00630, 00630, 00265, 00806
00631, 00631, 00304, 00794
00632, 00632, 00222, 00785
00633, 00633, 00270, 00810
00634, 00634, 00296, 00809
00635, 00635, 00307, 00786
00636, 00636, 00275, 00805
00637, 00637, 00225, 00804
00638, 00638, 00305, 00805
00639, 00639, 00301, 00800
00640, 00640, 00217, 00816
00641, 00641, 00304, 00835
00642, 00642, 00306, 00806
00643, 00643, 00230, 00806
00644, 00644, 00301, 00824
00645, 00645, 00216, 00802
00646, 00646, 00298, 00803
00647, 00647, 00293, 00818
00648, 00648, 00269, 00839
00649, 00649, 00267, 00814
00650, 00650, 00321, 00820
00651, 00651, 00275, 00817
00652, 00652, 00213, 00815
00653, 00653, 00225, 00813
00654, 00654, 00264, 00814
00655, 00655, 00306, 00838
00656, 00656, 00214, 00817
00657, 00657, 00275, 00822
00658, 00658, 00301, 00828
00659, 00659, 00270, 00830
00660, 00660, 00311, 00823
00661, 00661, 00301, 00827
00662, 00662, 00298, 00839
00663, 00663, 00303, 00838
00664, 00664, 00222, 00829
00665, 00665, 00277, 00830
00666, 00666, 00303, 00836
00667, 00667, 00277, 00831
00668, 00668, 00264, 00835
00669, 00669, 00267, 00866
00670, 00670, 00318, 00843
00671, 00671, 00301, 00846
00672, 00672, 00214, 00842
00673, 00673, 00295, 00837
00674, 00674, 00308, 00845
00675, 00675, 00288, 00833
00676, 00676, 00288, 00867
00677, 00677, 00296, 00846
00678, 00678, 00210, 00847
00679, 00679, 00220, 00851
00680, 00680, 00210, 00841
00681, 00681, 00268, 00856
00682, 00682, 00291, 00867
00683, 00683, 00288, 00862
00684, 00684, 00267, 00859
00685, 00685, 00264, 00859
00686, 00686, 00260, 00863
00687, 00687, 00267, 00850
00688, 00688, 00297, 00867
00689, 00689, 00301, 00859
00690, 00690, 00293, 00871
00691, 00691, 00298, 00870
00692, 00692, 00216, 00863
00693, 00693, 00207, 00856
00694, 00694, 00308, 00867
00695, 00695, 00298, 00869
00696, 00696, 00286, 00855
00697, 00697, 00288, 00870
00698, 00698, 00265, 00872
00699, 00699, 00286, 00891
00700, 00700, 00288, 00859
00701, 00701, 00291, 00879
00702, 00702, 00293, 00870
00703, 00703, 00258, 00883
00704, 00704, 00255, 00878
00705, 00705, 00301, 00881
00706, 00706, 00294, 00880
00707, 00707, 00224, 00873
00708, 00708, 00258, 00881
00709, 00709, 00212, 00890
00710, 00710, 00297, 00879
00711, 00711, 00283, 00897
00712, 00712, 00297, 00888
00713, 00713, 00264, 00883
00714, 00714, 00265, 00893
00715, 00715, 00210, 00895
00716, 00716, 00207, 00896
00717, 00717, 00293, 00911
00718, 00718, 00296, 00901
00719, 00719, 00286, 00900
00720, 00720, 00220, 00888
00721, 00721, 00290, 00891
00722, 00722, 00296, 00885
00723, 00723, 00293, 00899
00724, 00724, 00281, 00914
00725, 00725, 00262, 00908
00726, 00726, 00290, 00907
00727, 00727, 00283, 00905
00728, 00728, 00293, 00912
00729, 00729, 00257, 00912
00730, 00730, 00281, 00933
00731, 00731, 00295, 00911
00732, 00732, 00295, 00911
00733, 00733, 00297, 00905
00734, 00734, 00278, 00916
00735, 00735, 00200, 00906
00736, 00736, 00280, 00925
00737, 00737, 00290, 00904
00738, 00738, 00254, 00917
00739, 00739, 00217, 00904
00740, 00740, 00291, 00925
00741, 00741, 00281, 00921
00742, 00742, 00297, 00916
00743, 00743, 00247, 00927
00744, 00744, 00258, 00933
00745, 00745, 00217, 00915
00746, 00746, 00208, 00921
00747, 00747, 00252, 00925
00748, 00748, 00209, 00920
00749, 00749, 00288, 00933
00750, 00750, 00275, 00921
00751, 00751, 00291, 00916
00752, 00752, 00262, 00932
00753, 00753, 00278, 00923
00754, 00754, 00276, 00928
00755, 00755, 00212, 00941
00756, 00756, 00245, 00952
00757, 00757, 00284, 00941
00758, 00758, 00300, 00943
00759, 00759, 00292, 00948
00760, 00760, 00252, 00951
00761, 00761, 00255, 00944
00762, 00762, 00276, 00944
00763, 00763, 00204, 00937
00764, 00764, 00259, 00937
00765, 00765, 00202, 00954
00766, 00766, 00276, 00957
00767, 00767, 00296, 00962
00768, 00768, 00200, 00963
00769, 00769, 00198, 00955
00770, 00770, 00212, 00944
00771, 00771, 00293, 00957
00772, 00772, 00278, 00965
00773, 00773, 00300, 00953
00774, 00774, 00275, 00964
00775, 00775, 00197, 00962
00776, 00776, 00286, 00951
00777, 00777, 00277, 00964
00778, 00778, 00197, 00953
00779, 00779, 00257, 00961
00780, 00780, 00199, 00973
00781, 00781, 00245, 00972
00782, 00782, 00285, 00955
00783, 00783, 00280, 00964
00784, 00784, 00199, 00976
00785, 00785, 00288, 00973
00786, 00786, 00273, 00972
00787, 00787, 00197, 00965
00788, 00788, 00255, 00973
00789, 00789, 00202, 00979
00790, 00790, 00199, 00973
00791, 00791, 00254, 00971
00792, 00792, 00251, 00997
00793, 00793, 00197, 00975
00794, 00794, 00212, 00981
00795, 00795, 00253, 00978
00796, 00796, 00285, 00987
00797, 00797, 00296, 00988
00798, 00798, 00240, 01000
00799, 00799, 00276, 00976
00800, 00800, 00195, 01000
00801, 00801, 00283, 00986
00802, 00802, 00203, 00981
00803, 00803, 00252, 01000
00804, 00804, 00272, 01010
00805, 00805, 00255, 00983
00806, 00806, 00247, 00992
00807, 00807, 00275, 00993
00808, 00808, 00293, 00989
00809, 00809, 00275, 00991
00810, 00810, 00269, 01002
00811, 00811, 00264, 00991
00812, 00812, 00247, 00995
00813, 00813, 00249, 01014
00814, 00814, 00286, 01002
00815, 00815, 00197, 01014
00816, 00816, 00261, 01017
00817, 00817, 00288, 00996
00818, 00818, 00257, 00993
00819, 00819, 00204, 01012
00820, 00820, 00290, 01006
00821, 00821, 00197, 01019
00822, 00822, 00189, 01013
00823, 00823, 00252, 01017
00824, 00824, 00191, 01015
00825, 00825, 00207, 01014
00826, 00826, 00275, 01010
00827, 00827, 00244, 01035
00828, 00828, 00239, 01002
00829, 00829, 00286, 01016
00830, 00830, 00242, 01016
00831, 00831, 00281, 01019
00832, 00832, 00273, 01009
00833, 00833, 00279, 01044
00834, 00834, 00249, 01018
00835, 00835, 00288, 01042
00836, 00836, 00194, 01033
00837, 00837, 00260, 01021
00838, 00838, 00188, 01039
00839, 00839, 00199, 01042
00840, 00840, 00280, 01032
00841, 00841, 00202, 01036
00842, 00842, 00286, 01021
00843, 00843, 00279, 01049
00844, 00844, 00280, 01040
00845, 00845, 00252, 01032
00846, 00846, 00274, 01044
00847, 00847, 00187, 01043
00848, 00848, 00197, 01037
00849, 00849, 00244, 01049
00850, 00850, 00188, 01057
00851, 00851, 00241, 01040
00852, 00852, 00276, 01042
00853, 00853, 00252, 01036
00854, 00854, 00266, 01054
00855, 00855, 00242, 01056
00856, 00856, 00273, 01057
00857, 00857, 00283, 01056
00858, 00858, 00242, 01056
00859, 00859, 00275, 01050
00860, 00860, 00242, 01049
00861, 00861, 00189, 01059
00862, 00862, 00195, 01063
00863, 00863, 00194, 01059
00864, 00864, 00200, 01045
00865, 00865, 00248, 01060
00866, 00866, 00271, 01067
00867, 00867, 00271, 01064
00868, 00868, 00193, 01076
00869, 00869, 00280, 01068
00870, 00870, 00243, 01073
00871, 00871, 00194, 01082
00872, 00872, 00275, 01065
00873, 00873, 00271, 01080
00874, 00874, 00240, 01065
00875, 00875, 00197, 01063
00876, 00876, 00195, 01079
00877, 00877, 00192, 01078
00878, 00878, 00272, 01076
00879, 00879, 00187, 01075
00880, 00880, 00204, 01068
00881, 00881, 00279, 01072
00882, 00882, 00235, 01083
00883, 00883, 00249, 01090
00884, 00884, 00273, 01090
00885, 00885, 00197, 01080
00886, 00886, 00290, 01071
00887, 00887, 00273, 01101
00888, 00888, 00276, 01076
00889, 00889, 00189, 01088
00890, 00890, 00278, 01090
00891, 00891, 00195, 01083
00892, 00892, 00190, 01097
00893, 00893, 00242, 01102
00894, 00894, 00275, 01110
00895, 00895, 00186, 01105
00896, 00896, 00255, 01083
00897, 00897, 00240, 01094
00898, 00898, 00278, 01107
00899, 00899, 00282, 01097
00900, 00900, 00266, 01102
00901, 00901, 00254, 01099
00902, 00902, 00240, 01102
00903, 00903, 00278, 01109
00904, 00904, 00271, 01101
00905, 00905, 00272, 01128
00906, 00906, 00244, 01105
00907, 00907, 00200, 01101
00908, 00908, 00245, 01112
00909, 00909, 00270, 01103
00910, 00910, 00264, 01127
00911, 00911, 00270, 01110
00912, 00912, 00245, 01114
00913, 00913, 00278, 01120
00914, 00914, 00246, 01117
00915, 00915, 00181, 01120
00916, 00916, 00268, 01124
00917, 00917, 00249, 01100
00918, 00918, 00270, 01106
00919, 00919, 00236, 01120
00920, 00920, 00263, 01126
00921, 00921, 00237, 01125
00922, 00922, 00200, 01116
00923, 00923, 00273, 01124
00924, 00924, 00242, 01126
00925, 00925, 00283, 01132
00926, 00926, 00238, 01144
00927, 00927, 00265, 01116
00928, 00928, 00192, 01129
00929, 00929, 00235, 01134
00930, 00930, 00279, 01130
00931, 00931, 00185, 01145
00932, 00932, 00252, 01132
00933, 00933, 00265, 01141
00934, 00934, 00278, 01140
00935, 00935, 00237, 01143
00936, 00936, 00236, 01152
00937, 00937, 00269, 01145
00938, 00938, 00274, 01123
00939, 00939, 00280, 01138
00940, 00940, 00192, 01140
00941, 00941, 00271, 01148
00942, 00942, 00244, 01143
00943, 00943, 00234, 01143
00944, 00944, 00235, 01150
00945, 00945, 00278, 01142
00946, 00946, 00187, 01165
00947, 00947, 00240, 01147
00948, 00948, 00235, 01130
00949, 00949, 00273, 01151
00950, 00950, 00283, 01155
00951, 00951, 00275, 01165
00952, 00952, 00269, 01151
00953, 00953, 00260, 01158
00954, 00954, 00229, 01171
00955, 00955, 00244, 01149
00956, 00956, 00180, 01160
00957, 00957, 00268, 01176
00958, 00958, 00240, 01158
00959, 00959, 00272, 01174
00960, 00960, 00192, 01164
00961, 00961, 00273, 01163
00962, 00962, 00276, 01162
00963, 00963, 00189, 01172
00964, 00964, 00277, 01171
00965, 00965, 00282, 01172
00966, 00966, 00235, 01176
00967, 00967, 00255, 01171
00968, 00968, 00263, 01167
00969, 00969, 00265, 01178
00970, 00970, 00245, 01169
00971, 00971, 00187, 01180
00972, 00972, 00285, 01171
00973, 00973, 00271, 01182
00974, 00974, 00185, 01188
00975, 00975, 00271, 01174
00976, 00976, 00179, 01181
00977, 00977, 00234, 01188
00978, 00978, 00266, 01182
00979, 00979, 00237, 01183
00980, 00980, 00232, 01182
00981, 00981, 00271, 01204
00982, 00982, 00242, 01181
00983, 00983, 00181, 01189
00984, 00984, 00242, 01185
00985, 00985, 00182, 01193
00986, 00986, 00232, 01196
00987, 00987, 00258, 01197
00988, 00988, 00276, 01195
00989, 00989, 00281, 01187
00990, 00990, 00268, 01203
00991, 00991, 00275, 01200
00992, 00992, 00235, 01200
00993, 00993, 00176, 01203
00994, 00994, 00273, 01195
00995, 00995, 00254, 01203
00996, 00996, 00263, 01208
00997, 00997, 00182, 01210
00998, 00998, 00260, 01197
00999, 00999, 00280, 01204
01000, 01000, 00232, 01207
01001, 01001, 00245, 01215
01002, 01002, 00236, 01219
01003, 01003, 00232, 01212
01004, 01004, 00258, 01219
01005, 01005, 00263, 01218
01006, 01006, 00237, 01228
01007, 01007, 00256, 01227
01008, 01008, 00266, 01204
01009, 01009, 00182, 01222
01010, 01010, 00257, 01219
01011, 01011, 00263, 01223
01012, 01012, 00175, 01230
01013, 01013, 00237, 01212
01014, 01014, 00256, 01227
01015, 01015, 00256, 01228
01016, 01017, 00261, 01237
01017, 01017, 00239, 01232
01018, 01018, 00265, 01226
01019, 01019, 00225, 01241
01020, 01020, 00192, 01237
01021, 01021, 00225, 01240
01022, 01022, 00256, 01223
01023, 01023, 00263, 01222
01024, 01024, 00235, 01239
01025, 01025, 00231, 01246
01026, 01026, 00263, 01238
01027, 01027, 00192, 01233
01028, 01028, 00226, 01243
01029, 01029, 00230, 01230
01030, 01030, 00266, 01249
01031, 01031, 00260, 01246
01032, 01032, 00237, 01247
01033, 01033, 00230, 01253
01034, 01034, 00182, 01240
01035, 01035, 00263, 01257
01036, 01036, 00271, 01231
01037, 01037, 00258, 01246
01038, 01038, 00228, 01251
01039, 01039, 00232, 01255
01040, 01040, 00230, 01264
01041, 01041, 00266, 01254
01042, 01042, 00234, 01261
01043, 01043, 00185, 01248
01044, 01044, 00265, 01253
01045, 01045, 00267, 01256
01046, 01046, 00185, 01251
01047, 01047, 00176, 01262
01048, 01048, 00258, 01272
01049, 01050, 00264, 01279
01050, 01050, 00184, 01253
01051, 01051, 00230, 01256
01052, 01052, 00254, 01265
01053, 01053, 00262, 01290
01054, 01054, 00175, 01265
01055, 01055, 00232, 01256
01056, 01056, 00176, 01277
01057, 01057, 00275, 01268
01058, 01058, 00225, 01283
01059, 01059, 00242, 01266
01060, 01060, 00265, 01271
01061, 01061, 00270, 01275
01062, 01062, 00263, 01285
01063, 01063, 00174, 01293
01064, 01064, 00266, 01276
01065, 01065, 00234, 01285
01066, 01066, 00184, 01288
01067, 01067, 00264, 01299
01068, 01068, 00272, 01277
01069, 01069, 00173, 01291
01070, 01070, 00176, 01286
01071, 01071, 00230, 01298
01072, 01072, 00250, 01302
01073, 01073, 00182, 01290
01074, 01074, 00176, 01292
01075, 01075, 00180, 01300
01076, 01076, 00260, 01304
01077, 01077, 00236, 01287
01078, 01078, 00230, 01294
01079, 01079, 00278, 01286
01080, 01080, 00180, 01295
01081, 01081, 00175, 01302
01082, 01082, 00258, 01275
01083, 01083, 00258, 01300
01084, 01084, 00180, 01302
01085, 01085, 00255, 01313
01086, 01086, 00273, 01290
01087, 01087, 00177, 01311
01088, 01088, 00182, 01309
01089, 01089, 00221, 01307
01090, 01090, 00224, 01318
01091, 01091, 00269, 01306
01092, 01092, 00185, 01313
01093, 01093, 00230, 01318
01094, 01094, 00261, 01319
01095, 01095, 00265, 01313
01096, 01096, 00174, 01323
01097, 01097, 00265, 01309
01098, 01098, 00263, 01336
01099, 01099, 00224, 01317
01100, 01100, 00177, 01312
01101, 01101, 00277, 01309
01102, 01102, 00258, 01317
01103, 01103, 00266, 01328
01104, 01104, 00227, 01331
01105, 01105, 00227, 01324
01106, 01106, 00258, 01319
01107, 01108, 00168, 01333
01108, 01108, 00261, 01341
01109, 01109, 00255, 01330
01110, 01110, 00239, 01323
01111, 01111, 00226, 01345
01112, 01112, 00177, 01337
01113, 01113, 00224, 01340
01114, 01114, 00265, 01327
01115, 01115, 00175, 01331
01116, 01116, 00174, 01343
01117, 01117, 00174, 01344
01118, 01118, 00177, 01332
01119, 01119, 00268, 01340
01120, 01120, 00232, 01344
01121, 01122, 00172, 01347
01122, 01123, 00171, 01344
01123, 01123, 00177, 01340
01124, 01124, 00259, 01360
01125, 01125, 00230, 01360
01126, 01126, 00173, 01353
01127, 01127, 00270, 01346
01128, 01129, 00261, 01355
01129, 01129, 00181, 01353
01130, 01130, 00223, 01351
01131, 01131, 00228, 01335
01132, 01132, 00224, 01356
01133, 01133, 00251, 01365
01134, 01134, 00256, 01349
01135, 01135, 00253, 01350
01136, 01136, 00227, 01358
01137, 01137, 00258, 01361
01138, 01138, 00256, 01369
01139, 01139, 00263, 01353
01140, 01140, 00174, 01368
01141, 01142, 00258, 01379
01142, 01142, 00184, 01363
01143, 01144, 00257, 01376
01144, 01144, 00263, 01341
01145, 01145, 00175, 01371
01146, 01146, 00261, 01372
01147, 01148, 00261, 01368
01148, 01148, 00276, 01365
01149, 01149, 00174, 01368
01150, 01150, 00174, 01372
01151, 01151, 00258, 01375
01152, 01152, 00265, 01365
01153, 01153, 00253, 01359
01154, 01155, 00171, 01376
01155, 01155, 00179, 01389
01156, 01156, 00224, 01380
01157, 01158, 00170, 01382
01158, 01158, 00222, 01388
01159, 01159, 00001, 01386
01160, 01160, 00219, 01397
01161, 01161, 00177, 01368
01162, 01162, 00262, 01398
01163, 01163, 00183, 01379
01164, 01165, 00249, 01411
01165, 01165, 00184, 01369
01166, 01166, 00222, 01406
01167, 01167, 00265, 01386
01168, 01169, 00254, 01413
01169, 01169, 00232, 01388
01170, 01170, 00258, 01384
01171, 01171, 00177, 01389
01172, 01172, 00218, 01403
01173, 01173, 00231, 01393
01174, 01175, 00258, 01399
01175, 01175, 00187, 01393
01176, 01176, 00222, 01403
01177, 01177, 00219, 01405
01178, 01178, 00179, 01395
01179, 01179, 00177, 01399
01180, 01181, 00261, 01416
01181, 01181, 00260, 01406
01182, 01182, 00176, 01392
01183, 01183, 00263, 01408
01184, 01184, 00225, 01408
01185, 01186, 00162, 01428
01186, 01186, 00175, 01401
01187, 01187, 00222, 01417
01188, 01188, 00177, 01415
01189, 01190, 00257, 01428
01190, 01190, 00262, 01419
01191, 01191, 00259, 01417
01192, 01192, 00174, 01419
01193, 01194, 00167, 01447
01194, 01194, 00171, 01419
01195, 01195, 00176, 01411
01196, 01196, 00173, 01433
01197, 01197, 00256, 01437
01198, 01199, 00167, 01426
01199, 01199, 00225, 01429
01200, 01201, 00257, 01431
01201, 01202, 00252, 01444
01202, 01202, 00252, 01426
01203, 01204, 00259, 01431
01204, 01205, 00254, 01431
01205, 01206, 00261, 01443
01206, 01207, 00254, 01433
01207, 01207, 00217, 01440
01208, 01209, 00170, 01427
01209, 01210, 00168, 01449
01210, 01210, 00254, 01451
01211, 01211, 00261, 01436
01212, 01212, 00216, 01445
01213, 01213, 00174, 01442
01214, 01215, 00167, 01444
01215, 01216, 00261, 01442
01216, 01217, 00170, 01452
01217, 01218, 00258, 01457
01218, 01218, 00215, 01453
01219, 01219, 00177, 01446
01220, 01221, 00170, 01452
01221, 01222, 00259, 01453
01222, 01222, 00222, 01443
01223, 01223, 00224, 01451
01224, 01224, 00220, 01455
01225, 01225, 00224, 01466
01226, 01226, 00250, 01474
01227, 01227, 00177, 01450
01228, 01228, 00171, 01459
01229, 01230, 00170, 01455
01230, 01231, 00169, 01456
01231, 01232, 00252, 01462
01232, 01232, 00173, 01461
01233, 01233, 00257, 01470
01234, 01234, 00163, 01470
01235, 01235, 00176, 01451
01236, 01236, 00248, 01459
01237, 01237, 00254, 01466
01238, 01238, 00222, 01481
01239, 01239, 00181, 01467
01240, 01241, 00257, 01480
01241, 01241, 00254, 01478
01242, 01243, 00249, 01463
01243, 01243, 00174, 01464
01244, 01244, 00256, 01482
01245, 01245, 00184, 01471
01246, 01247, 00247, 01479
01247, 01247, 00175, 01478
01248, 01249, 00169, 01478
01249, 01249, 00222, 01484
01250, 01251, 00170, 01488
01251, 01251, 00175, 01468
01252, 01252, 00259, 01471
01253, 01253, 00261, 01475
01254, 01254, 00254, 01496
01255, 01255, 00232, 01475
01256, 01256, 00215, 01503
01257, 01257, 00227, 01482
01258, 01258, 00249, 01502
01259, 01259, 00176, 01471
01260, 01261, 00259, 01500
01261, 01261, 00258, 01500
01262, 01262, 00215, 01492
01263, 01264, 00168, 01489
01264, 01264, 00258, 01499
01265, 01265, 00254, 01498
01266, 01267, 00245, 01505
01267, 01267, 00224, 01478
01268, 01268, 00257, 01508
01269, 01269, 00220, 01517
01270, 01270, 00174, 01497
01271, 01271, 00219, 01500
01272, 01273, 00167, 01505
01273, 01273, 00247, 01516
01274, 01274, 00224, 01506
01275, 01275, 00259, 01515
01276, 01276, 00256, 01506
01277, 01278, 00249, 01522
01278, 01279, 00171, 01502
01279, 01279, 00215, 01525
01280, 01280, 00179, 01518
01281, 01282, 00159, 01534
01282, 01282, 00220, 01505
01283, 01283, 00163, 01520
01284, 01284, 00252, 01518
01285, 01286, 00254, 01531
01286, 01287, 00257, 01524
01287, 01287, 00258, 01529
01288, 01289, 00168, 01528
01289, 01290, 00247, 01535
01290, 01290, 00174, 01516
01291, 01291, 00265, 01527
01292, 01292, 00249, 01523
01293, 01293, 00254, 01531
01294, 01294, 00252, 01541
01295, 01295, 00251, 01529
01296, 01296, 00248, 01548
01297, 01297, 00224, 01543
01298, 01298, 00219, 01525
01299, 01300, 00259, 01534
01300, 01301, 00170, 01547
01301, 01302, 00171, 01539
01302, 01303, 00169, 01536
01303, 01304, 00258, 01540
01304, 01304, 00249, 01552
01305, 01305, 00220, 01535
01306, 01306, 00227, 01540
01307, 01308, 00167, 01550
01308, 01308, 00220, 01548
01309, 01310, 00170, 01546
01310, 01310, 00227, 01547
01311, 01311, 00214, 01560
01312, 01313, 00169, 01555
01313, 01314, 00167, 01549
01314, 01314, 00254, 01555
01315, 01315, 00250, 01555
01316, 01316, 00249, 01547
01317, 01317, 00263, 01547
01318, 01318, 00254, 01551
01319, 01319, 00258, 01564
01320, 01320, 00216, 01558
01321, 01321, 00254, 01546
01322, 01322, 00162, 01576
01323, 01323, 00261, 01569
01324, 01325, 00170, 01571
01325, 01326, 00167, 01566
01326, 01326, 00217, 01572
01327, 01328, 00158, 01572
01328, 01328, 00174, 01559
01329, 01330, 00257, 01570
01330, 01330, 00250, 01565
01331, 01331, 00242, 01577
01332, 01333, 00167, 01572
01333, 01333, 00160, 01575
01334, 01334, 00176, 01567
01335, 01336, 00259, 01579
01336, 01337, 00252, 01564
01337, 01337, 00244, 01581
01338, 01339, 00170, 01578
01339, 01339, 00222, 01571
01340, 01340, 00215, 01587
01341, 01341, 00222, 01581
01342, 01342, 00160, 01592
01343, 01343, 00254, 01574
01344, 01344, 00158, 01597
01345, 01345, 00219, 01590
01346, 01346, 00252, 01580
01347, 01347, 00217, 01591
01348, 01348, 00215, 01592
01349, 01350, 00167, 01602
01350, 01350, 00216, 01577
01351, 01352, 00247, 01588
01352, 01352, 00252, 01588
01353, 01353, 00210, 01601
01354, 01354, 00175, 01583
01355, 01356, 00249, 01597
01356, 01356, 00212, 01592
01357, 01358, 00162, 01599
01358, 01359, 00171, 01590
01359, 01359, 00212, 01596
01360, 01361, 00157, 01607
01361, 01362, 00167, 01602
01362, 01362, 00213, 01608
01363, 01364, 00172, 01598
01364, 01364, 00211, 01619
01365, 01365, 00217, 01587
01366, 01366, 00212, 01611
01367, 01367, 00219, 01614
01368, 01368, 00242, 01600
01369, 01369, 00208, 01614
01370, 01370, 00247, 01616
01371, 01371, 00204, 01635
01372, 01372, 00221, 01608
01373, 01374, 00167, 01611
01374, 01374, 00173, 01617
01375, 01375, 00254, 01619
01376, 01376, 00252, 01627
01377, 01377, 00254, 01620
01378, 01378, 00214, 01638
01379, 01379, 00261, 01609
01380, 01381, 00169, 01621
01381, 01381, 00249, 01628
01382, 01382, 00213, 01639
01383, 01383, 00217, 01627
01384, 01384, 00214, 01622
01385, 01385, 00248, 01637
01386, 01387, 00158, 01641
01387, 01387, 00249, 01626
01388, 01389, 00249, 01627
01389, 01389, 00163, 01638
01390, 01391, 00167, 01631
01391, 01392, 00169, 01630
01392, 01392, 00209, 01642
01393, 01393, 00246, 01641
01394, 01395, 00160, 01628
01395, 01396, 00247, 01642
01396, 01397, 00169, 01644
01397, 01397, 00163, 01640
01398, 01398, 00254, 01638
01399, 01399, 00159, 01655
01400, 01400, 00158, 01656
01401, 01401, 00251, 01643
01402, 01402, 00247, 01649
01403, 01404, 00167, 01650
01404, 01404, 00212, 01647
01405, 01405, 00215, 01646
01406, 01406, 00248, 01647
01407, 01407, 00248, 01663
01408, 01408, 00246, 01662
01409, 01410, 00250, 01650
01410, 01411, 00161, 01654
01411, 01411, 00213, 01642
01412, 01412, 00245, 01654
01413, 01413, 00161, 01650
01414, 01415, 00157, 01669
01415, 01415, 00247, 01668
01416, 01416, 00217, 01647
01417, 01417, 00214, 01652
01418, 01419, 00167, 01651
01419, 01420, 00167, 01655
01420, 01421, 00161, 01660
01421, 01422, 00261, 01672
01422, 01422, 00247, 01666
01423, 01423, 00159, 01652
01424, 01424, 00243, 01664
01425, 01425, 00213, 01671
01426, 01426, 00222, 01662
01427, 01427, 00254, 01679
01428, 01428, 00257, 01676
01429, 01429, 00210, 01676
01430, 01431, 00167, 01674
01431, 01431, 00217, 01673
01432, 01432, 00157, 01695
01433, 01434, 00255, 01675
01434, 01434, 00157, 01683
01435, 01435, 00161, 01691
01436, 01436, 00160, 01685
01437, 01437, 00215, 01673
01438, 01439, 00252, 01683
01439, 01439, 00160, 01698
01440, 01441, 00168, 01682
01441, 01441, 00212, 01690
01442, 01442, 00242, 01693
01443, 01444, 00162, 01679
01444, 01445, 00161, 01691
01445, 01445, 00173, 01693
01446, 01446, 00249, 01693
01447, 01448, 00169, 01688
01448, 01449, 00244, 01694
01449, 01450, 00167, 01698
01450, 01450, 00215, 01695
01451, 01451, 00214, 01701
01452, 01453, 00256, 01691
01453, 01453, 00158, 01705
01454, 01454, 00213, 01706
01455, 01455, 00252, 01703
01456, 01456, 00242, 01726
01457, 01458, 00254, 01698
01458, 01459, 00159, 01712
01459, 01459, 00160, 01706
01460, 01461, 00167, 01701
01461, 01461, 00251, 01716
01462, 01462, 00220, 01720
01463, 01464, 00158, 01730
01464, 01464, 00213, 01702
01465, 01465, 00247, 01707
01466, 01466, 00248, 01726
01467, 01468, 00254, 01711
01468, 01468, 00159, 01719
01469, 01469, 00159, 01709
01470, 01470, 00207, 01727
01471, 01471, 00211, 01719
01472, 01472, 00219, 01720
01473, 01474, 00158, 01730
01474, 01474, 00212, 01731
01475, 01475, 00214, 01718
01476, 01476, 00243, 01737
01477, 01478, 00169, 01731
01478, 01479, 00161, 01718
01479, 01479, 00217, 01719
01480, 01480, 00214, 01730
01481, 01481, 00245, 01730
01482, 01483, 00252, 01731
01483, 01483, 00157, 01742
01484, 01485, 00167, 01728
01485, 01486, 00249, 01727
01486, 01486, 00159, 01737
01487, 01487, 00217, 01736
01488, 01489, 00158, 01736
01489, 01489, 00159, 01741
01490, 01490, 00207, 01751
01491, 01491, 00210, 01743
01492, 01492, 00221, 01745
01493, 01493, 00160, 01746
01494, 01495, 00158, 01744
01495, 01495, 00172, 01739
01496, 01496, 00160, 01754
01497, 01498, 00159, 01752
01498, 01499, 00245, 01745
01499, 01499, 00214, 01747
01500, 01500, 00214, 01759
01501, 01501, 00206, 01761
01502, 01503, 00249, 01753
01503, 01503, 00207, 01755
01504, 01504, 00209, 01744
01505, 01506, 00169, 01745
01506, 01506, 00248, 01765
01507, 01508, 00158, 01760
01508, 01509, 00250, 01743
01509, 01509, 00157, 01760
01510, 01510, 00247, 01770
01511, 01511, 00157, 01771
01512, 01512, 00161, 01761
01513, 01513, 00210, 01762
01514, 01514, 00244, 01771
01515, 01515, 00245, 01766
01516, 01516, 00157, 01769
01517, 01517, 00212, 01773
01518, 01519, 00256, 01764
01519, 01519, 00238, 01779
01520, 01520, 00248, 01764
01521, 01521, 00212, 01769
01522, 01522, 00160, 01769
01523, 01523, 00210, 01786
01524, 01524, 00239, 01787
01525, 01525, 00252, 01764
01526, 01526, 00209, 01780
01527, 01528, 00159, 01787
01528, 01529, 00161, 01776
01529, 01529, 00158, 01783
01530, 01530, 00158, 01795
01531, 01531, 00162, 01779
01532, 01532, 00157, 01785
01533, 01533, 00209, 01787
01534, 01534, 00217, 01776
01535, 01536, 00158, 01791
01536, 01537, 00167, 01796
01537, 01537, 00157, 01797
01538, 01538, 00218, 01769
01539, 01539, 00159, 01797
01540, 01540, 00199, 01812
01541, 01542, 00158, 01797
01542, 01542, 00244, 01792
01543, 01543, 00200, 01815
01544, 01544, 00220, 01799
01545, 01545, 00212, 01798
01546, 01546, 00251, 01804
01547, 01547, 00211, 01803
01548, 01548, 00205, 01820
01549, 01550, 00157, 01808
01550, 01550, 00158, 01808
01551, 01551, 00251, 01797
01552, 01553, 00167, 01801
01553, 01553, 00241, 01810
01554, 01555, 00242, 01812
01555, 01555, 00249, 01808
01556, 01556, 00200, 01825
01557, 01558, 00247, 01795
01558, 01558, 00158, 01804
01559, 01559, 00255, 01824
01560, 01560, 00210, 01811
01561, 01561, 00207, 01813
01562, 01562, 00159, 01811
01563, 01563, 00157, 01822
01564, 01565, 00162, 01811
01565, 01566, 00158, 01824
01566, 01567, 00242, 01828
01567, 01567, 00248, 01841
01568, 01569, 00160, 01827
01569, 01570, 00158, 01848
01570, 01570, 00157, 01834
01571, 01572, 00167, 01825
01572, 01572, 00245, 01830
01573, 01573, 00157, 01827
01574, 01575, 00240, 01829
01575, 01575, 00209, 01839
01576, 01576, 00204, 01834
01577, 01577, 00250, 01823
01578, 01578, 00238, 01846
01579, 01579, 00160, 01827
01580, 01580, 00158, 01828
01581, 01581, 00238, 01836
01582, 01582, 00214, 01844
01583, 01584, 00160, 01834
01584, 01584, 00210, 01839
01585, 01585, 00207, 01842
01586, 01586, 00245, 01844
01587, 01587, 00207, 01839
01588, 01588, 00215, 01853
01589, 01589, 00157, 01850
01590, 01591, 00158, 01839
01591, 01592, 00159, 01847
01592, 01593, 00159, 01855
01593, 01594, 00160, 01841
01594, 01594, 00240, 01846
01595, 01595, 00157, 01866
01596, 01597, 00167, 01841
01597, 01597, 00245, 01858
01598, 01598, 00160, 01856
01599, 01599, 00248, 01851
01600, 01600, 00243, 01860
01601, 01601, 00200, 01872
01602, 01603, 00161, 01853
01603, 01603, 00238, 01879
01604, 01604, 00246, 01860
01605, 01605, 00210, 01855
01606, 01606, 00210, 01863
01607, 01607, 00209, 01870
01608, 01608, 00244, 01860
01609, 01609, 00207, 01867
01610, 01610, 00214, 01865
01611, 01611, 00157, 01865
01612, 01612, 00207, 01870
01613, 01613, 00244, 01866
01614, 01614, 00157, 01870
01615, 01616, 00160, 01856
01616, 01616, 00158, 01871
01617, 01617, 00158, 01879
01618, 01618, 00159, 01870
01619, 01620, 00159, 01880
01620, 01620, 00157, 01889
01621, 01621, 00215, 01853
01622, 01623, 00247, 01878
01623, 01624, 00158, 01902
01624, 01624, 00208, 01876
01625, 01626, 00157, 01878
01626, 01626, 00205, 01903
01627, 01627, 00205, 01882
01628, 01628, 00252, 01888
01629, 01629, 00207, 01912
01630, 01631, 00158, 01884
01631, 01631, 00161, 01886
01632, 01633, 00158, 01900
01633, 01633, 00157, 01893
01634, 01634, 00207, 01889
01635, 01635, 00158, 01907
01636, 01636, 00160, 01886
01637, 01638, 00158, 01901
01638, 01638, 00233, 01911
01639, 01639, 00246, 01907
01640, 01640, 00244, 01894
01641, 01641, 00158, 01909
01642, 01642, 00212, 01887
01643, 01643, 00209, 01905
01644, 01644, 00158, 01911
01645, 01645, 00159, 01912
01646, 01646, 00246, 01900
01647, 01647, 00211, 01917
01648, 01648, 00158, 01904
01649, 01649, 00243, 01906
01650, 01650, 00158, 01916
01651, 01651, 00233, 01913
01652, 01653, 00158, 01905
01653, 01653, 00238, 01908
01654, 01654, 00207, 01910
01655, 01655, 00240, 01920
01656, 01656, 00209, 01916
01657, 01658, 00147, 01939
01658, 01659, 00158, 01910
01659, 01659, 00209, 01920
01660, 01661, 00158, 01928
01661, 01661, 00158, 01925
01662, 01662, 00207, 01933
01663, 01663, 00158, 01939
01664, 01664, 00158, 01927
01665, 01665, 00158, 01923
01666, 01666, 00160, 01921
01667, 01667, 00212, 01928
01668, 01669, 00158, 01928
01669, 01669, 00158, 01933
01670, 01670, 00204, 01927
01671, 01671, 00207, 01933
01672, 01673, 00247, 01930
01673, 01674, 00158, 01939
01674, 01675, 00158, 01932
01675, 01675, 00162, 01937
01676, 01676, 00209, 01940
01677, 01678, 00157, 01942
01678, 01678, 00212, 01941
01679, 01679, 00158, 01936
01680, 01680, 00238, 01946
01681, 01681, 00157, 01953
01682, 01682, 00205, 01941
01683, 01683, 00158, 01947
01684, 01684, 00158, 01951
01685, 01686, 00244, 01936
01686, 01686, 00243, 01947
01687, 01687, 00240, 01951
01688, 01688, 00243, 01948
01689, 01689, 00205, 01961
01690, 01690, 00157, 01955
01691, 01691, 00158, 01949
01692, 01692, 00202, 01966
01693, 01693, 00241, 01956
01694, 01694, 00212, 01965
01695, 01695, 00158, 01965
01696, 01696, 00200, 01972
01697, 01698, 00158, 01964
01698, 01698, 00157, 01967
01699, 01699, 00158, 01977
01700, 01700, 00206, 01966
01701, 01701, 00238, 01962
01702, 01702, 00157, 01974
01703, 01704, 00161, 01968
01704, 01704, 00157, 01973
01705, 01705, 00200, 01976
01706, 01707, 00157, 01959
01707, 01708, 00167, 01968
01708, 01708, 00157, 01979
01709, 01709, 00158, 01965
01710, 01710, 00202, 01978
01711, 01711, 00239, 02000
01712, 01712, 00212, 01965
01713, 01713, 00159, 01970
01714, 01715, 00158, 01991
01715, 01716, 00157, 01971
01716, 01717, 00157, 01973
01717, 01717, 00237, 01998
01718, 01718, 00158, 01983
01719, 01720, 00249, 01981
01720, 01720, 00203, 01985
01721, 01721, 00158, 01987
01722, 01722, 00158, 01988
01723, 01723, 00231, 02010
01724, 01724, 00158, 01997
01725, 01725, 00206, 01992
01726, 01727, 00162, 01987
01727, 01728, 00147, 01998
01728, 01728, 00206, 01995
01729, 01729, 00199, 02007
01730, 01730, 00204, 01993
01731, 01731, 00157, 01998
01732, 01733, 00161, 01994
01733, 01733, 00202, 02000
01734, 01735, 00157, 02002
01735, 01735, 00204, 02015
01736, 01736, 00210, 01987
01737, 01737, 00202, 02014
01738, 01738, 00247, 02003
01739, 01739, 00245, 02000
01740, 01740, 00205, 02007
01741, 01741, 00204, 02001
01742, 01742, 00157, 01998
01743, 01744, 00157, 02010
01744, 01744, 00202, 02010
01745, 01745, 00243, 02011
01746, 01746, 00238, 02010
01747, 01747, 00157, 02028
01748, 01748, 00238, 02009
01749, 01750, 00163, 02010
01750, 01750, 00201, 02022
01751, 01751, 00243, 02012
01752, 01752, 00202, 02023
01753, 01753, 00202, 02022
01754, 01754, 00238, 02007
01755, 01755, 00241, 02024
01756, 01756, 00211, 02016
01757, 01758, 00157, 02028
01758, 01758, 00158, 02031
01759, 01759, 00158, 02019
01760, 01760, 00157, 02030
01761, 01762, 00158, 02026
01762, 01762, 00207, 02027
01763, 01763, 00202, 02036
01764, 01765, 00145, 02033
01765, 01765, 00247, 02011
01766, 01766, 00235, 02031
01767, 01767, 00235, 02058
01768, 01768, 00157, 02025
01769, 01769, 00205, 02037
01770, 01770, 00145, 02057
01771, 01771, 00206, 02026
01772, 01772, 00250, 02040
01773, 01773, 00203, 02041
01774, 01774, 00157, 02046
01775, 01776, 00158, 02048
01776, 01776, 00158, 02059
01777, 01777, 00157, 02044
01778, 01778, 00238, 02048
01779, 01779, 00210, 02032
01780, 01781, 00157, 02040
01781, 01781, 00157, 02064
01782, 01782, 00239, 02034
01783, 01784, 00250, 02047
01784, 01784, 00157, 02063
01785, 01785, 00158, 02064
01786, 01786, 00248, 02047
01787, 01787, 00230, 02070
01788, 01788, 00159, 02054
01789, 01790, 00158, 02052
01790, 01790, 00157, 02063
01791, 01791, 00158, 02065
01792, 01792, 00203, 02054
01793, 01793, 00240, 02075
01794, 01794, 00237, 02059
01795, 01795, 00234, 02074
01796, 01796, 00158, 02066
01797, 01798, 00157, 02062
01798, 01798, 00199, 02079
01799, 01799, 00202, 02059
01800, 01800, 00211, 02071
01801, 01801, 00207, 02066
01802, 01802, 00237, 02078
01803, 01803, 00158, 02071
01804, 01804, 00147, 02091
01805, 01805, 00157, 02067
01806, 01806, 00143, 02087
01807, 01807, 00158, 02079
01808, 01808, 00158, 02073
01809, 01809, 00197, 02088
01810, 01811, 00158, 02089
01811, 01811, 00244, 02073
01812, 01813, 00157, 02080
01813, 01813, 00157, 02085
01814, 01814, 00202, 02086
01815, 01815, 00237, 02090
01816, 01816, 00147, 02086
01817, 01818, 00157, 02095
01818, 01819, 00158, 02091
01819, 01820, 00158, 02083
01820, 01821, 00157, 02103
01821, 01822, 00147, 02099
01822, 01823, 00157, 02079
01823, 01824, 00158, 02095
01824, 01825, 00157, 02110
01825, 01825, 00202, 02093
01826, 01826, 00157, 02099
01827, 01827, 00145, 02099
01828, 01828, 00157, 02101
01829, 01829, 00207, 02105
01830, 01830, 00158, 02086
01831, 01832, 00145, 02110
01832, 01832, 00198, 02107
01833, 01833, 00207, 02096
01834, 01835, 00158, 02110
01835, 01835, 00200, 02126
01836, 01836, 00246, 02093
01837, 01838, 00158, 02109
01838, 01838, 00235, 02123
01839, 01839, 00233, 02100
01840, 01840, 00203, 02114
01841, 01841, 00238, 02101
01842, 01843, 00157, 02123
01843, 01844, 00157, 02118
01844, 01844, 00204, 02113
01845, 01845, 00158, 02113
01846, 01846, 00194, 02138
01847, 01847, 00236, 02110
01848, 01848, 00157, 02115
01849, 01849, 00143, 02132
01850, 01850, 00238, 02120
01851, 01851, 00205, 02110
01852, 01852, 00228, 02130
01853, 01853, 00157, 02126
01854, 01855, 00147, 02138
01855, 01855, 00198, 02122
01856, 01856, 00238, 02132
01857, 01857, 00197, 02133
01858, 01858, 00143, 02135
01859, 01859, 00158, 02135
01860, 01860, 00158, 02141
01861, 01861, 00200, 02120
01862, 01863, 00158, 02135
01863, 01864, 00157, 02115
01864, 01865, 00147, 02132
01865, 01865, 00143, 02147
01866, 01866, 00147, 02145
01867, 01867, 00210, 02134
01868, 01868, 00235, 02143
01869, 01869, 00233, 02151
01870, 01870, 00231, 02136
01871, 01871, 00204, 02146
01872, 01872, 00239, 02132
01873, 01873, 00195, 02153
01874, 01874, 00158, 02147
01875, 01875, 00158, 02144
01876, 01876, 00228, 02150
01877, 01877, 00143, 02162
01878, 01879, 00158, 02149
01879, 01879, 00243, 02144
01880, 01880, 00202, 02155
01881, 01881, 00197, 02163
01882, 01882, 00192, 02149
01883, 01883, 00157, 02146
01884, 01885, 00145, 02149
01885, 01885, 00239, 02164
01886, 01886, 00199, 02147
01887, 01887, 00199, 02167
01888, 01888, 00200, 02153
01889, 01889, 00145, 02180
01890, 01890, 00234, 02161
01891, 01892, 00157, 02155
01892, 01893, 00158, 02165
01893, 01893, 00228, 02181
01894, 01895, 00158, 02155
01895, 01896, 00157, 02170
01896, 01896, 00202, 02168
01897, 01898, 00143, 02180
01898, 01898, 00147, 02176
01899, 01899, 00247, 02161
01900, 01901, 00158, 02177
01901, 01901, 00233, 02193
01902, 01903, 00158, 02172
01903, 01903, 00158, 02184
01904, 01904, 00235, 02176
01905, 01905, 00197, 02186
01906, 01906, 00232, 02190
01907, 01907, 00158, 02174
01908, 01909, 00147, 02176
01909, 01909, 00143, 02202
01910, 01911, 00158, 02173
01911, 01911, 00237, 02189
01912, 01913, 00158, 02187
01913, 01914, 00147, 02189
01914, 01914, 00234, 02202
01915, 01915, 00147, 02180
01916, 01916, 00231, 02191
01917, 01917, 00235, 02209
01918, 01919, 00157, 02196
01919, 01919, 00157, 02190
01920, 01921, 00143, 02199
01921, 01922, 00147, 02193
01922, 01922, 00237, 02213
01923, 01924, 00158, 02197
01924, 01924, 00242, 02197
01925, 01926, 00143, 02215
01926, 01927, 00157, 02201
01927, 01927, 00230, 02202
01928, 01928, 00158, 02206
01929, 01930, 00147, 02195
01930, 01931, 00145, 02216
01931, 01931, 00143, 02199
01932, 01932, 00145, 02209
01933, 01933, 00200, 02210
01934, 01934, 00236, 02213
01935, 01936, 00158, 02216
01936, 01936, 00147, 02211
01937, 01937, 00158, 02211
01938, 01938, 00158, 02216
01939, 01939, 00233, 02220
01940, 01940, 00205, 02207
01941, 01941, 00197, 02228
01942, 01943, 00147, 02201
01943, 01943, 00230, 02219
01944, 01944, 00233, 02228
01945, 01945, 00197, 02220
01946, 01947, 00145, 02235
01947, 01948, 00147, 02222
01948, 01948, 00201, 02236
01949, 01950, 00147, 02215
01950, 01951, 00157, 02218
01951, 01951, 00202, 02228
01952, 01953, 00139, 02236
01953, 01953, 00157, 02228
01954, 01954, 00234, 02228
01955, 01955, 00208, 02228
01956, 01957, 00147, 02242
01957, 01957, 00195, 02247
01958, 01958, 00207, 02220
01959, 01960, 00157, 02238
01960, 01960, 00202, 02223
01961, 01961, 00194, 02245
01962, 01962, 00145, 02254
01963, 01964, 00158, 02225
01964, 01964, 00245, 02240
01965, 01965, 00197, 02237
01966, 01966, 00145, 02244
01967, 01967, 00231, 02249
01968, 01969, 00158, 02232
01969, 01969, 00157, 02241
01970, 01970, 00190, 02260
01971, 01972, 00157, 02248
01972, 01972, 00158, 02253
01973, 01973, 00204, 02252
01974, 01975, 00147, 02253
01975, 01975, 00234, 02262
01976, 01976, 00147, 02247
01977, 01977, 00158, 02259
01978, 01978, 00145, 02263
01979, 01979, 00157, 02252
01980, 01980, 00234, 02269
01981, 01982, 00157, 02259
01982, 01983, 00158, 02261
01983, 01983, 00225, 02281
01984, 01985, 00143, 02267
01985, 01986, 00158, 02267
01986, 01987, 00158, 02260
01987, 01987, 00157, 02267
01988, 01988, 00139, 02295
01989, 01989, 00147, 02270
01990, 01991, 00145, 02269
01991, 01991, 00233, 02273
01992, 01993, 00143, 02270
01993, 01993, 00195, 02291
01994, 01994, 00197, 02277
01995, 01995, 00158, 02259
01996, 01996, 00158, 02278
01997, 01998, 00158, 02272
01998, 01998, 00145, 02284
01999, 01999, 00234, 02282
02000, 02000, 00145, 02286
02001, 02002, 00145, 02273
02002, 02002, 00234, 02274
02003, 02003, 00139, 02288
02004, 02004, 00233, 02276
02005, 02005, 00200, 02286
02006, 02006, 00233, 02288
02007, 02007, 00197, 02291
02008, 02008, 00194, 02298
02009, 02009, 00235, 02290
02010, 02010, 00158, 02285
02011, 02011, 00203, 02296
02012, 02013, 00145, 02293
02013, 02013, 00235, 02300
02014, 02014, 00197, 02304
02015, 02016, 00157, 02291
02016, 02017, 00158, 02293
02017, 02017, 00232, 02302
02018, 02018, 00147, 02312
02019, 02019, 00232, 02303
02020, 02020, 00235, 02285
02021, 02022, 00157, 02299
02022, 02023, 00145, 02305
02023, 02023, 00236, 02316
02024, 02024, 00199, 02310
02025, 02025, 00239, 02297
02026, 02027, 00158, 02302
02027, 02027, 00196, 02309
02028, 02028, 00145, 02310
02029, 02030, 00147, 02319
02030, 02031, 00157, 02308
02031, 02031, 00157, 02312
02032, 02032, 00234, 02316
02033, 02033, 00194, 02326
02034, 02034, 00235, 02314
02035, 02035, 00158, 02297
02036, 02036, 00200, 02323
02037, 02037, 00192, 02321
02038, 02038, 00141, 02331
02039, 02039, 00145, 02324
02040, 02040, 00234, 02312
02041, 02041, 00199, 02311
02042, 02042, 00196, 02323
02043, 02043, 00192, 02327
02044, 02044, 00194, 02335
02045, 02045, 00197, 02315
02046, 02046, 00195, 02325
02047, 02047, 00158, 02334
02048, 02049, 00143, 02334
02049, 02049, 00190, 02349
02050, 02050, 00147, 02332
02051, 02051, 00240, 02328
02052, 02052, 00194, 02326
02053, 02053, 00231, 02340
02054, 02054, 00197, 02347
02055, 02055, 00199, 02330
02056, 02056, 00235, 02342
02057, 02057, 00147, 02337
02058, 02058, 00197, 02347
02059, 02059, 00192, 02359
02060, 02060, 00197, 02348
02061, 02062, 00145, 02338
02062, 02062, 00194, 02347
02063, 02063, 00202, 02345
02064, 02064, 00145, 02358
02065, 02066, 00141, 02355
02066, 02067, 00147, 02343
02067, 02068, 00147, 02353
02068, 02068, 00240, 02340
02069, 02069, 00195, 02356
02070, 02071, 00139, 02366
02071, 02071, 00202, 02349
02072, 02072, 00143, 02363
02073, 02073, 00147, 02345
02074, 02074, 00199, 02357
02075, 02075, 00143, 02356
02076, 02076, 00231, 02360
02077, 02077, 00198, 02366
02078, 02078, 00233, 02359
02079, 02079, 00235, 02365
02080, 02081, 00143, 02367
02081, 02082, 00143, 02377
02082, 02082, 00233, 02365
02083, 02084, 00143, 02369
02084, 02084, 00233, 02372
02085, 02085, 00198, 02354
02086, 02086, 00232, 02372
02087, 02087, 00197, 02367
02088, 02088, 00197, 02366
02089, 02089, 00233, 02381
02090, 02091, 00147, 02370
02091, 02091, 00194, 02377
02092, 02092, 00139, 02376
02093, 02093, 00229, 02379
02094, 02094, 00231, 02383
02095, 02095, 00233, 02364
02096, 02096, 00205, 02378
02097, 02097, 00230, 02381
02098, 02099, 00139, 02388
02099, 02099, 00143, 02388
02100, 02100, 00232, 02373
02101, 02102, 00158, 02380
02102, 02102, 00139, 02383
02103, 02103, 00157, 02387
02104, 02104, 00139, 02416
02105, 02105, 00228, 02382
02106, 02106, 00143, 02388
02107, 02107, 00233, 02391
02108, 02108, 00231, 02392
02109, 02109, 00190, 02413
02110, 02110, 00143, 02395
02111, 02111, 00145, 02397
02112, 02112, 00192, 02395
02113, 02113, 00199, 02393
02114, 02114, 00139, 02414
02115, 02116, 00143, 02398
02116, 02116, 00192, 02415
02117, 02117, 00201, 02401
02118, 02118, 00143, 02403
02119, 02119, 00143, 02410
02120, 02121, 00141, 02396
02121, 02121, 00145, 02411
02122, 02122, 00139, 02420
02123, 02123, 00234, 02406
02124, 02124, 00139, 02409
02125, 02125, 00206, 02403
02126, 02126, 00197, 02408
02127, 02128, 00143, 02419
02128, 02129, 00137, 02426
02129, 02129, 00193, 02425
02130, 02130, 00147, 02410
02131, 02132, 00158, 02414
02132, 02132, 00202, 02413
02133, 02133, 00137, 02428
02134, 02134, 00228, 02416
02135, 02135, 00190, 02423
02136, 02136, 00194, 02422
02137, 02137, 00232, 02425
02138, 02139, 00139, 02440
02139, 02139, 00158, 02413
02140, 02140, 00192, 02428
02141, 02142, 00147, 02436
02142, 02142, 00147, 02430
02143, 02144, 00137, 02435
02144, 02145, 00158, 02413
02145, 02145, 00228, 02425
02146, 02147, 00143, 02427
02147, 02148, 00137, 02447
02148, 02149, 00137, 02449
02149, 02149, 00228, 02425
02150, 02151, 00147, 02440
02151, 02151, 00147, 02430
02152, 02153, 00141, 02447
02153, 02154, 00139, 02437
02154, 02154, 00230, 02441
02155, 02156, 00143, 02444
02156, 02156, 00143, 02444
02157, 02157, 00231, 02447
02158, 02158, 00230, 02441
02159, 02160, 00143, 02445
02160, 02160, 00227, 02455
02161, 02161, 00228, 02450
02162, 02162, 00143, 02446
02163, 02164, 00147, 02445
02164, 02164, 00234, 02453
02165, 02166, 00143, 02455
02166, 02167, 00143, 02457
02167, 02167, 00227, 02474
02168, 02168, 00147, 02445
02169, 02169, 00197, 02455
02170, 02170, 00199, 02454
02171, 02171, 00228, 02460
02172, 02172, 00189, 02471
02173, 02173, 00194, 02450
02174, 02174, 00233, 02467
02175, 02175, 00233, 02470
02176, 02176, 00157, 02459
02177, 02177, 00143, 02464
02178, 02178, 00234, 02464
02179, 02179, 00193, 02472
02180, 02181, 00141, 02471
02181, 02182, 00139, 02480
02182, 02182, 00143, 02473
02183, 02183, 00200, 02478
02184, 02184, 00235, 02468
02185, 02185, 00194, 02478
02186, 02186, 00230, 02492
02187, 02187, 00192, 02470
02188, 02188, 00232, 02490
02189, 02189, 00141, 02488
02190, 02190, 00228, 02470
02191, 02191, 00139, 02494
02192, 02193, 00141, 02471
02193, 02194, 00143, 02474
02194, 02194, 00195, 02477
02195, 02195, 00139, 02487
02196, 02196, 00135, 02490
02197, 02198, 00147, 02482
02198, 02198, 00194, 02491
02199, 02199, 00201, 02485
02200, 02200, 00143, 02488
02201, 02201, 00230, 02483
02202, 02202, 00233, 02489
02203, 02204, 00143, 02498
02204, 02204, 00195, 02492
02205, 02206, 00141, 02504
02206, 02206, 00158, 02482
02207, 02208, 00145, 02496
02208, 02208, 00147, 02487
02209, 02209, 00139, 02508
02210, 02210, 00226, 02516
02211, 02211, 00195, 02501
02212, 02212, 00139, 02505
02213, 02213, 00197, 02493
02214, 02214, 00145, 02498
02215, 02216, 00147, 02500
02216, 02216, 00137, 02502
02217, 02218, 00139, 02506
02218, 02218, 00197, 02521
02219, 02219, 00141, 02520
02220, 02220, 00235, 02493
02221, 02222, 00145, 02513
02222, 02222, 00228, 02514
02223, 02223, 00141, 02511
02224, 02224, 00135, 02526
02225, 02226, 00147, 02509
02226, 02226, 00231, 02528
02227, 02227, 00199, 02520
02228, 02229, 00145, 02511
02229, 02230, 00141, 02515
02230, 02231, 00145, 02518
02231, 02231, 00190, 02525
02232, 02232, 00141, 02529
02233, 02233, 00193, 02539
02234, 02234, 00197, 02529
02235, 02235, 00141, 02530
02236, 02237, 00143, 02523
02237, 02238, 00143, 02532
02238, 02238, 00137, 02534
02239, 02240, 00158, 02521
02240, 02240, 00227, 02540
02241, 02241, 00194, 02536
02242, 02243, 00139, 02548
02243, 02243, 00139, 02541
02244, 02244, 00193, 02537
02245, 02245, 00139, 02537
02246, 02246, 00202, 02539
02247, 02247, 00188, 02551
02248, 02248, 00197, 02522
02249, 02249, 00229, 02542
02250, 02250, 00139, 02546
02251, 02252, 00143, 02544
02252, 02252, 00139, 02550
02253, 02254, 00145, 02542
02254, 02254, 00192, 02546
02255, 02255, 00228, 02550
02256, 02256, 00147, 02544
02257, 02257, 00228, 02542
02258, 02258, 00139, 02548
02259, 02259, 00227, 02558
02260, 02260, 00139, 02555
02261, 02261, 00143, 02568
02262, 02262, 00237, 02544
02263, 02263, 00197, 02560
02264, 02265, 00143, 02550
02265, 02265, 00190, 02557
02266, 02266, 00139, 02553
02267, 02267, 00192, 02558
02268, 02268, 00224, 02575
02269, 02269, 00228, 02559
02270, 02270, 00231, 02572
02271, 02271, 00197, 02553
02272, 02272, 00145, 02568
02273, 02273, 00230, 02563
02274, 02274, 00227, 02560
02275, 02275, 00192, 02574
02276, 02276, 00227, 02570
02277, 02277, 00135, 02586
02278, 02279, 00139, 02578
02279, 02279, 00194, 02579
02280, 02280, 00199, 02557
02281, 02281, 00143, 02572
02282, 02282, 00232, 02561
02283, 02284, 00147, 02577
02284, 02284, 00224, 02582
02285, 02285, 00145, 02573
02286, 02286, 00185, 02589
02287, 02287, 00141, 02584
02288, 02288, 00228, 02575
02289, 02289, 00232, 02561
02290, 02291, 00143, 02582
02291, 02291, 00197, 02583
02292, 02292, 00195, 02585
02293, 02293, 00137, 02600
02294, 02294, 00232, 02567
02295, 02295, 00225, 02591
02296, 02296, 00226, 02590
02297, 02297, 00143, 02594
02298, 02299, 00143, 02592
02299, 02299, 00137, 02591
02300, 02300, 00139, 02586
02301, 02302, 00157, 02592
02302, 02302, 00139, 02603
02303, 02303, 00139, 02587
02304, 02304, 00141, 02588
02305, 02305, 00229, 02601
02306, 02307, 00139, 02603
02307, 02308, 00141, 02609
02308, 02308, 00228, 02604
02309, 02309, 00192, 02603
02310, 02310, 00190, 02596
02311, 02312, 00137, 02614
02312, 02312, 00197, 02598
02313, 02313, 00234, 02609
02314, 02315, 00147, 02607
02315, 02316, 00139, 02613
02316, 02316, 00234, 02614
02317, 02317, 00139, 02616
02318, 02318, 00224, 02624
02319, 02319, 00193, 02611
02320, 02320, 00189, 02632
02321, 02322, 00143, 02600
02322, 02322, 00145, 02612
02323, 02323, 00228, 02611
02324, 02324, 00234, 02620
02325, 02325, 00192, 02620
02326, 02327, 00139, 02623
02327, 02328, 00137, 02619
02328, 02329, 00137, 02631
02329, 02330, 00133, 02627
02330, 02331, 00147, 02614
02331, 02331, 00192, 02626
02332, 02332, 00224, 02629
02333, 02334, 00143, 02634
02334, 02334, 00188, 02628
02335, 02336, 00145, 02624
02336, 02336, 00141, 02629
02337, 02337, 00187, 02633
02338, 02338, 00133, 02650
02339, 02340, 00139, 02634
02340, 02340, 00192, 02651
02341, 02341, 00189, 02641
02342, 02342, 00145, 02641
02343, 02343, 00196, 02618
02344, 02344, 00230, 02638
02345, 02345, 00147, 02643
02346, 02346, 00135, 02641
02347, 02347, 00190, 02657
02348, 02348, 00143, 02639
02349, 02349, 00135, 02644
02350, 02350, 00227, 02642
02351, 02351, 00135, 02657
02352, 02352, 00195, 02635
02353, 02353, 00187, 02651
02354, 02354, 00192, 02655
02355, 02355, 00190, 02651
02356, 02356, 00186, 02652
02357, 02358, 00143, 02650
02358, 02358, 00196, 02647
02359, 02359, 00192, 02650
02360, 02360, 00222, 02664
02361, 02361, 00199, 02650
02362, 02362, 00227, 02665
02363, 02364, 00137, 02658
02364, 02364, 00187, 02667
02365, 02365, 00195, 02663
02366, 02366, 00189, 02666
02367, 02367, 00230, 02662
02368, 02368, 00139, 02664
02369, 02369, 00221, 02673
02370, 02371, 00145, 02658
02371, 02371, 00199, 02672
02372, 02373, 00143, 02663
02373, 02374, 00145, 02673
02374, 02374, 00234, 02664
02375, 02375, 00190, 02666
02376, 02376, 00230, 02666
02377, 02377, 00141, 02669
02378, 02378, 00185, 02688
02379, 02380, 00147, 02670
02380, 02380, 00192, 02683
02381, 02381, 00194, 02668
02382, 02383, 00139, 02689
02383, 02383, 00230, 02663
02384, 02384, 00228, 02686
02385, 02385, 00158, 02667
02386, 02386, 00143, 02677
02387, 02387, 00199, 02685
02388, 02388, 00141, 02683
02389, 02389, 00135, 02689
02390, 02390, 00190, 02691
02391, 02391, 00188, 02705
02392, 02392, 00139, 02688
02393, 02393, 00228, 02710
02394, 02394, 00137, 02689
02395, 02395, 00189, 02704
02396, 02397, 00158, 02691
02397, 02398, 00139, 02697
02398, 02398, 00227, 02694
02399, 02399, 00143, 02697
02400, 02400, 00202, 02697
02401, 02401, 00137, 02695
02402, 02402, 00141, 02702
02403, 02404, 00137, 02693
02404, 02404, 00226, 02720
02405, 02405, 00194, 02699
02406, 02406, 00191, 02713
02407, 02407, 00135, 02704
02408, 02408, 00221, 02717
02409, 02410, 00137, 02711
02410, 02411, 00141, 02712
02411, 02411, 00135, 02719
02412, 02412, 00137, 02705
02413, 02413, 00187, 02713
02414, 02414, 00143, 02709
02415, 02415, 00190, 02715
02416, 02416, 00189, 02706
02417, 02417, 00231, 02713
02418, 02419, 00139, 02710
02419, 02419, 00193, 02721
02420, 02420, 00141, 02706
02421, 02422, 00143, 02723
02422, 02423, 00139, 02715
02423, 02424, 00139, 02719
02424, 02425, 00137, 02720
02425, 02425, 00135, 02725
02426, 02426, 00182, 02739
02427, 02427, 00192, 02734
02428, 02428, 00224, 02735
02429, 02429, 00228, 02730
02430, 02430, 00137, 02733
02431, 02431, 00194, 02722
02432, 02432, 00231, 02731
02433, 02433, 00225, 02731
02434, 02434, 00231, 02739
02435, 02435, 00233, 02734
02436, 02436, 00145, 02722
02437, 02438, 00139, 02741
02438, 02438, 00225, 02735
02439, 02439, 00227, 02734
02440, 02440, 00139, 02730
02441, 02442, 00139, 02731
02442, 02443, 00135, 02748
02443, 02443, 00135, 02742
02444, 02445, 00137, 02740
02445, 02445, 00135, 02753
02446, 02446, 00188, 02751
02447, 02447, 00194, 02764
02448, 02449, 00145, 02749
02449, 02449, 00227, 02756
02450, 02450, 00190, 02755
02451, 02451, 00194, 02749
02452, 02452, 00137, 02743
02453, 02453, 00143, 02748
02454, 02454, 00221, 02752
02455, 02455, 00193, 02742
02456, 02456, 00223, 02754
02457, 02457, 00145, 02758
02458, 02459, 00135, 02759
02459, 02460, 00137, 02758
02460, 02460, 00184, 02770
02461, 02461, 00231, 02754
02462, 02462, 00133, 02759
02463, 02463, 00141, 02761
02464, 02464, 00186, 02780
02465, 02466, 00139, 02766
02466, 02466, 00192, 02768
02467, 02468, 00137, 02768
02468, 02468, 00141, 02771
02469, 02469, 00137, 02763
02470, 02470, 00135, 02776
02471, 02471, 00230, 02766
02472, 02472, 00139, 02781
02473, 02473, 00184, 02785
02474, 02474, 00139, 02775
02475, 02475, 00139, 02766
02476, 02477, 00141, 02778
02477, 02477, 00182, 02783
02478, 02478, 00192, 02769
02479, 02479, 00141, 02768
02480, 02480, 00222, 02779
02481, 02481, 00228, 02793
02482, 02483, 00143, 02773
02483, 02483, 00231, 02787
02484, 02484, 00232, 02777
02485, 02486, 00135, 02793
02486, 02486, 00231, 02771
02487, 02487, 00225, 02787
02488, 02488, 00233, 02782
02489, 02489, 00137, 02786
02490, 02491, 00137, 02780
02491, 02491, 00143, 02782
02492, 02493, 00137, 02784
02493, 02493, 00137, 02798
02494, 02495, 00133, 02793
02495, 02495, 00227, 02796
02496, 02496, 00187, 02802
02497, 02497, 00224, 02804
02498, 02498, 00188, 02807
02499, 02499, 00187, 02797
02500, 02500, 00133, 02813
02501, 02501, 00189, 02818
02502, 02502, 00226, 02826
02503, 02503, 00143, 02807
02504, 02504, 00139, 02818
02505, 02506, 00135, 02816
02506, 02506, 00135, 02814
02507, 02508, 00139, 02799
02508, 02509, 00141, 02806
02509, 02509, 00192, 02817
02510, 02510, 00141, 02806
02511, 02512, 00135, 02801
02512, 02512, 00225, 02807
02513, 02513, 00231, 02812
02514, 02514, 00197, 02814
02515, 02515, 00223, 02817
02516, 02517, 00135, 02823
02517, 02518, 00137, 02820
02518, 02518, 00141, 02821
02519, 02519, 00185, 02827
02520, 02520, 00194, 02824
02521, 02522, 00139, 02827
02522, 02523, 00145, 02823
02523, 02524, 00141, 02844
02524, 02524, 00145, 02815
02525, 02525, 00139, 02827
02526, 02526, 00139, 02824
02527, 02527, 00222, 02840
02528, 02528, 00192, 02817
02529, 02529, 00139, 02835
02530, 02530, 00143, 02828
02531, 02531, 00234, 02841
02532, 02533, 00145, 02830
02533, 02533, 00189, 02834
02534, 02534, 00226, 02830
02535, 02535, 00139, 02832
02536, 02536, 00228, 02829
02537, 02538, 00139, 02839
02538, 02539, 00137, 02833
02539, 02539, 00224, 02843
02540, 02540, 00224, 02839
02541, 02541, 00221, 02836
02542, 02542, 00189, 02849
02543, 02543, 00135, 02853
02544, 02544, 00185, 02857
02545, 02545, 00137, 02851
02546, 02546, 00135, 02855
02547, 02547, 00141, 02854
02548, 02549, 00133, 02864
02549, 02549, 00139, 02849
02550, 02550, 00189, 02857
02551, 02551, 00133, 02855
02552, 02552, 00131, 02867
02553, 02553, 00137, 02855
02554, 02554, 00133, 02864
02555, 02555, 00228, 02860
02556, 02556, 00187, 02878
02557, 02557, 00228, 02851
02558, 02558, 00226, 02865
02559, 02560, 00139, 02865
02560, 02560, 00224, 02872
02561, 02561, 00192, 02857
02562, 02562, 00133, 02870
02563, 02564, 00133, 02867
02564, 02565, 00131, 02882
02565, 02565, 00188, 02861
02566, 02566, 00133, 02872
02567, 02567, 00223, 02869
02568, 02569, 00131, 02878
02569, 02569, 00187, 02866
02570, 02570, 00223, 02872
02571, 02571, 00181, 02883
02572, 02572, 00182, 02880
02573, 02574, 00131, 02881
02574, 02574, 00221, 02872
02575, 02575, 00182, 02879
02576, 02576, 00185, 02881
02577, 02577, 00129, 02879
02578, 02578, 00131, 02889
02579, 02579, 00184, 02885
02580, 02580, 00129, 02890
02581, 02582, 00129, 02895
02582, 02583, 00133, 02878
02583, 02583, 00187, 02886
02584, 02584, 00227, 02888
02585, 02585, 00182, 02887
02586, 02586, 00189, 02878
02587, 02587, 00224, 02890
02588, 02588, 00137, 02891
02589, 02589, 00129, 02893
02590, 02590, 00192, 02896
02591, 02592, 00135, 02897
02592, 02592, 00227, 02899
02593, 02593, 00226, 02898
02594, 02594, 00135, 02903
02595, 02595, 00133, 02896
02596, 02596, 00223, 02907
02597, 02597, 00221, 02903
02598, 02598, 00224, 02901
02599, 02600, 00133, 02901
02600, 02600, 00227, 02901
02601, 02602, 00131, 02913
02602, 02602, 00225, 02906
02603, 02603, 00137, 02911
02604, 02604, 00137, 02910
02605, 02606, 00131, 02922
02606, 02606, 00189, 02911
02607, 02607, 00180, 02923
02608, 02608, 00185, 02911
02609, 02609, 00187, 02919
02610, 02610, 00192, 02909
02611, 02611, 00137, 02910
02612, 02613, 00139, 02916
02613, 02613, 00129, 02942
02614, 02615, 00137, 02910
02615, 02615, 00184, 02924
02616, 02617, 00135, 02913
02617, 02617, 00224, 02937
02618, 02619, 00141, 02918
02619, 02619, 00189, 02929
02620, 02620, 00137, 02928
02621, 02621, 00221, 02939
02622, 02622, 00225, 02920
02623, 02623, 00185, 02929
02624, 02624, 00137, 02924
02625, 02625, 00223, 02943
02626, 02626, 00229, 02923
02627, 02627, 00230, 02931
02628, 02628, 00228, 02930
02629, 02629, 00131, 02947
02630, 02630, 00139, 02938
02631, 02632, 00135, 02943
02632, 02633, 00133, 02945
02633, 02633, 00217, 02955
02634, 02634, 00231, 02929
02635, 02636, 00139, 02946
02636, 02636, 00190, 02946
02637, 02637, 00220, 02960
02638, 02638, 00189, 02935
02639, 02639, 00190, 02952
02640, 02641, 00135, 02952
02641, 02641, 00131, 02965
02642, 02642, 00187, 02950
02643, 02643, 00218, 02957
02644, 02645, 00135, 02956
02645, 02645, 00131, 02955
02646, 02646, 00141, 02960
02647, 02647, 00218, 02971
02648, 02648, 00222, 02960
02649, 02649, 00182, 02962
02650, 02650, 00223, 02955
02651, 02651, 00218, 02966
02652, 02652, 00139, 02965
02653, 02653, 00177, 02965
02654, 02654, 00133, 02955
02655, 02655, 00131, 02969
02656, 02656, 00185, 02964
02657, 02658, 00127, 02973
02658, 02658, 00220, 02956
02659, 02659, 00188, 02964
02660, 02661, 00137, 02964
02661, 02661, 00131, 02978
02662, 02663, 00133, 02966
02663, 02663, 00182, 02965
02664, 02664, 00143, 02965
02665, 02665, 00187, 02986
02666, 02666, 00226, 02971
02667, 02667, 00227, 02966
02668, 02668, 00131, 02974
02669, 02670, 00129, 02987
02670, 02671, 00137, 02975
02671, 02672, 00133, 02977
02672, 02672, 00225, 02984
02673, 02673, 00185, 02988
02674, 02675, 00133, 02972
02675, 02675, 00129, 02988
02676, 02676, 00219, 02990
02677, 02677, 00135, 03000
02678, 02678, 00224, 02993
02679, 02680, 00129, 02980
02680, 02680, 00139, 02985
02681, 02681, 00182, 02994
02682, 02682, 00224, 02984
02683, 02683, 00186, 02982
02684, 02684, 00218, 02997
02685, 02686, 00139, 02981
02686, 02686, 00224, 02985
02687, 02688, 00131, 02989
02688, 02688, 00225, 02990
02689, 02689, 00135, 02989
02690, 02690, 00185, 02994
02691, 02691, 00230, 02995
02692, 02692, 00229, 03010
02693, 02693, 00137, 02986
02694, 02695, 00137, 03006
02695, 02695, 00184, 02996
02696, 02697, 00141, 03002
02697, 02697, 00185, 02991
02698, 02698, 00189, 03010
02699, 02699, 00222, 03007
02700, 02700, 00218, 03027
02701, 02701, 00231, 03010
02702, 02702, 00135, 03025
02703, 02703, 00177, 03018
02704, 02704, 00221, 03021
02705, 02706, 00135, 03003
02706, 02707, 00133, 03020
02707, 02707, 00131, 03016
02708, 02708, 00218, 03027
02709, 02709, 00224, 03012
02710, 02710, 00192, 03007
02711, 02711, 00182, 03021
02712, 02712, 00131, 03035
02713, 02713, 00145, 03015
02714, 02714, 00135, 03022
02715, 02716, 00139, 03018
02716, 02716, 00179, 03023
02717, 02717, 00189, 03021
02718, 02718, 00131, 03033
02719, 02719, 00188, 03038
02720, 02720, 00221, 03035
02721, 02721, 00220, 03032
02722, 02722, 00185, 03038
02723, 02723, 00221, 03039
02724, 02724, 00227, 03016
02725, 02725, 00182, 03034
02726, 02726, 00223, 03034
02727, 02727, 00133, 03037
02728, 02728, 00189, 03028
02729, 02730, 00131, 03037
02730, 02730, 00228, 03032
02731, 02731, 00184, 03047
02732, 02732, 00192, 03026
02733, 02733, 00225, 03045
02734, 02735, 00139, 03040
02735, 02735, 00131, 03058
02736, 02737, 00137, 03041
02737, 02737, 00225, 03046
02738, 02738, 00135, 03042
02739, 02740, 00127, 03064
02740, 02740, 00139, 03045
02741, 02741, 00179, 03054
02742, 02742, 00227, 03052
02743, 02743, 00182, 03057
02744, 02744, 00135, 03052
02745, 02745, 00222, 03050
02746, 02746, 00133, 03053
02747, 02747, 00187, 03054
02748, 02748, 00225, 03055
02749, 02749, 00227, 03050
02750, 02750, 00137, 03058
02751, 02752, 00133, 03056
02752, 02752, 00141, 03061
02753, 02753, 00182, 03065
02754, 02754, 00135, 03070
02755, 02756, 00133, 03064
02756, 02756, 00137, 03069
02757, 02757, 00179, 03073
02758, 02758, 00135, 03083
02759, 02759, 00137, 03063
02760, 02760, 00131, 03066
02761, 02762, 00135, 03071
02762, 02763, 00135, 03082
02763, 02763, 00185, 03067
02764, 02764, 00185, 03076
02765, 02766, 00139, 03079
02766, 02767, 00129, 03088
02767, 02767, 00137, 03075
02768, 02768, 00133, 03083
02769, 02769, 00133, 03080
02770, 02770, 00218, 03095
02771, 02771, 00223, 03089
02772, 02773, 00131, 03083
02773, 02774, 00133, 03089
02774, 02774, 00221, 03080
02775, 02775, 00185, 03084
02776, 02777, 00135, 03081
02777, 02777, 00223, 03093
02778, 02779, 00131, 03074
02779, 02779, 00187, 03096
02780, 02781, 00133, 03084
02781, 02781, 00135, 03103
02782, 02782, 00143, 03073
02783, 02783, 00183, 03095
02784, 02784, 00182, 03102
02785, 02785, 00220, 03111
02786, 02786, 00227, 03091
02787, 02787, 00222, 03097
02788, 02789, 00137, 03091
02789, 02790, 00133, 03093
02790, 02790, 00225, 03094
02791, 02791, 00137, 03103
02792, 02792, 00143, 03099
02793, 02793, 00141, 03090
02794, 02795, 00135, 03102
02795, 02795, 00182, 03101
02796, 02796, 00131, 03118
02797, 02798, 00135, 03110
02798, 02798, 00180, 03125
02799, 02799, 00137, 03097
02800, 02800, 00179, 03117
02801, 02801, 00135, 03103
02802, 02802, 00133, 03106
02803, 02804, 00135, 03112
02804, 02804, 00127, 03110
02805, 02806, 00139, 03115
02806, 02807, 00131, 03119
02807, 02808, 00137, 03121
02808, 02808, 00225, 03109
02809, 02810, 00129, 03124
02810, 02810, 00135, 03122
02811, 02812, 00127, 03126
02812, 02812, 00184, 03116
02813, 02814, 00133, 03133
02814, 02814, 00224, 03121
02815, 02816, 00131, 03136
02816, 02816, 00135, 03114
02817, 02818, 00135, 03132
02818, 02818, 00131, 03121
02819, 02819, 00182, 03132
02820, 02821, 00137, 03124
02821, 02821, 00129, 03138
02822, 02823, 00129, 03142
02823, 02823, 00185, 03133
02824, 02824, 00135, 03132
02825, 02825, 00225, 03122
02826, 02826, 00133, 03137
02827, 02827, 00190, 03126
02828, 02828, 00228, 03133
02829, 02830, 00137, 03136
02830, 02830, 00133, 03153
02831, 02831, 00191, 03138
02832, 02832, 00218, 03156
02833, 02833, 00184, 03153
02834, 02834, 00131, 03140
02835, 02835, 00222, 03138
02836, 02836, 00135, 03139
02837, 02837, 00133, 03149
02838, 02838, 00187, 03139
02839, 02839, 00190, 03145
02840, 02840, 00133, 03155
02841, 02841, 00133, 03154
02842, 02843, 00137, 03144
02843, 02843, 00127, 03169
02844, 02844, 00182, 03158
02845, 02845, 00217, 03170
02846, 02846, 00133, 03146
02847, 02848, 00133, 03160
02848, 02848, 00135, 03162
02849, 02850, 00133, 03153
02850, 02850, 00224, 03158
02851, 02851, 00137, 03158
02852, 02853, 00135, 03170
02853, 02853, 00182, 03154
02854, 02854, 00223, 03183
02855, 02855, 00225, 03162
02856, 02856, 00129, 03183
02857, 02857, 00141, 03164
02858, 02858, 00225, 03171
02859, 02859, 00222, 03167
02860, 02860, 00217, 03178
02861, 02861, 00137, 03173
02862, 02862, 00188, 03173
02863, 02863, 00131, 03180
02864, 02864, 00217, 03181
02865, 02866, 00131, 03172
02866, 02866, 00131, 03185
02867, 02867, 00180, 03186
02868, 02868, 00222, 03172
02869, 02869, 00192, 03179
02870, 02870, 00184, 03183
02871, 02871, 00177, 03184
02872, 02873, 00137, 03180
02873, 02873, 00135, 03185
02874, 02874, 00182, 03175
02875, 02875, 00184, 03186
02876, 02876, 00222, 03176
02877, 02877, 00190, 03189
02878, 02878, 00133, 03186
02879, 02880, 00135, 03181
02880, 02880, 00224, 03184
